id,Gender,Age,Driving_License,Region_Code,Previously_Insured,Vehicle_Age,Vehicle_Damage,Annual_Premium,Policy_Sales_Channel,Vintage,Response,DecisionTree,RandomForest,VotingClassifierSoft
380110,Male,30,1,28.0,1,< 1 Year,No,50094.0,152.0,38,0,0,0,0
380111,Male,45,1,8.0,1,1-2 Year,No,44110.0,26.0,110,0,0,0,0
380112,Female,20,1,37.0,0,< 1 Year,Yes,47019.0,160.0,104,0,1,1,1
380113,Female,22,1,28.0,0,< 1 Year,Yes,2630.0,160.0,42,1,1,1,1
380114,Female,32,1,30.0,1,< 1 Year,No,31210.0,152.0,136,0,0,0,0
380115,Male,50,1,28.0,0,1-2 Year,Yes,50308.0,26.0,121,0,1,1,1
380116,Female,26,1,36.0,1,< 1 Year,No,29637.0,152.0,130,0,0,0,0
380117,Male,21,1,35.0,1,< 1 Year,No,27024.0,160.0,148,0,0,0,0
380118,Male,24,1,10.0,0,< 1 Year,No,30499.0,152.0,281,0,1,1,1
380119,Female,22,1,13.0,0,< 1 Year,Yes,29259.0,152.0,236,1,1,1,1
380120,Female,21,1,28.0,1,< 1 Year,No,92283.0,152.0,15,0,0,0,0
380121,Female,23,1,13.0,1,< 1 Year,No,24636.0,152.0,122,0,0,0,0
380122,Male,28,1,21.0,1,< 1 Year,No,22765.0,152.0,204,0,0,0,0
380123,Female,22,1,18.0,0,< 1 Year,Yes,25530.0,152.0,59,0,1,1,1
380124,Male,46,1,28.0,0,1-2 Year,Yes,2630.0,122.0,275,1,1,1,1
380125,Female,22,1,28.0,0,< 1 Year,Yes,27441.0,152.0,103,0,1,1,1
380126,Female,25,1,36.0,1,< 1 Year,No,32301.0,152.0,53,0,0,0,0
380127,Female,23,1,8.0,1,< 1 Year,No,38528.0,152.0,71,0,0,0,0
380128,Male,46,1,8.0,0,1-2 Year,Yes,31243.0,124.0,269,0,1,1,1
380129,Female,22,1,8.0,0,< 1 Year,Yes,46472.0,152.0,176,0,1,1,1
380130,Male,39,1,28.0,1,1-2 Year,No,33726.0,26.0,10,0,0,0,0
380131,Male,40,1,32.0,1,1-2 Year,No,27859.0,124.0,295,0,0,0,0
380132,Female,33,1,28.0,0,1-2 Year,Yes,43090.0,124.0,210,0,1,1,1
380133,Female,45,1,28.0,0,1-2 Year,Yes,30711.0,26.0,22,1,1,1,1
380134,Female,23,1,47.0,1,< 1 Year,No,36293.0,152.0,191,0,0,0,0
380135,Male,33,1,6.0,0,1-2 Year,Yes,2630.0,157.0,157,1,1,1,1
380136,Female,25,1,15.0,0,< 1 Year,No,35279.0,152.0,60,0,1,1,1
380137,Female,38,1,34.0,1,1-2 Year,No,2630.0,124.0,232,0,0,0,0
380138,Female,58,1,21.0,0,1-2 Year,Yes,29819.0,26.0,134,0,1,1,1
380139,Male,67,1,28.0,0,1-2 Year,Yes,45616.0,122.0,91,0,1,1,1
380140,Female,68,1,37.0,0,1-2 Year,Yes,2630.0,156.0,76,0,1,1,1
380141,Male,45,1,8.0,1,1-2 Year,No,39930.0,124.0,60,0,0,0,0
380142,Female,43,1,28.0,0,1-2 Year,Yes,42130.0,24.0,282,0,1,1,1
380143,Male,67,1,28.0,0,> 2 Years,Yes,47676.0,26.0,160,0,1,1,1
380144,Male,21,1,9.0,0,< 1 Year,Yes,21615.0,160.0,35,0,1,1,1
380145,Female,73,1,50.0,0,1-2 Year,Yes,2630.0,26.0,125,0,1,1,1
380146,Male,47,1,28.0,0,1-2 Year,Yes,36818.0,124.0,191,0,1,1,1
380147,Male,42,1,30.0,0,1-2 Year,Yes,36243.0,155.0,38,1,1,1,1
380148,Male,41,1,28.0,0,1-2 Year,Yes,2630.0,124.0,75,0,1,1,1
380149,Male,68,1,28.0,0,1-2 Year,Yes,2630.0,124.0,64,0,1,1,1
380150,Male,22,1,15.0,1,< 1 Year,No,35647.0,152.0,176,0,0,0,0
380151,Male,50,1,48.0,1,1-2 Year,No,2630.0,26.0,183,0,0,0,0
380152,Male,28,1,28.0,0,1-2 Year,Yes,44978.0,124.0,298,0,1,1,1
380153,Male,40,1,8.0,1,1-2 Year,No,56591.0,124.0,59,0,0,0,0
380154,Male,26,1,23.0,1,< 1 Year,No,21355.0,154.0,23,0,0,0,0
380155,Female,40,1,50.0,1,1-2 Year,No,22998.0,152.0,63,0,0,0,0
380156,Male,63,1,50.0,0,1-2 Year,Yes,33732.0,124.0,148,0,1,1,1
380157,Male,47,1,39.0,0,> 2 Years,Yes,53284.0,154.0,174,0,1,1,1
380158,Male,24,1,45.0,0,< 1 Year,Yes,28398.0,152.0,282,1,1,1,1
380159,Male,40,1,9.0,0,1-2 Year,No,26424.0,152.0,24,0,1,1,1
380160,Male,38,1,43.0,0,1-2 Year,Yes,2630.0,16.0,201,1,1,1,1
380161,Female,21,1,30.0,0,< 1 Year,Yes,49126.0,160.0,100,0,1,1,1
380162,Male,50,1,3.0,0,1-2 Year,Yes,29345.0,163.0,21,1,1,1,1
380163,Female,24,1,46.0,1,< 1 Year,No,30902.0,152.0,37,0,0,0,0
380164,Female,28,1,3.0,1,< 1 Year,No,21353.0,152.0,100,0,0,0,0
380165,Male,23,1,23.0,1,1-2 Year,No,26169.0,124.0,176,0,0,0,0
380166,Male,23,1,11.0,1,< 1 Year,No,27310.0,152.0,17,0,0,0,0
380167,Male,31,1,28.0,0,1-2 Year,Yes,2630.0,156.0,258,1,1,1,1
380168,Female,26,1,8.0,1,< 1 Year,No,28019.0,152.0,152,0,0,0,0
380169,Male,48,1,28.0,0,1-2 Year,No,35217.0,124.0,237,0,1,1,1
380170,Male,56,1,28.0,1,1-2 Year,Yes,42083.0,25.0,88,0,0,0,0
380171,Male,37,1,28.0,0,1-2 Year,Yes,45202.0,122.0,236,0,1,1,1
380172,Male,26,1,28.0,1,< 1 Year,No,27345.0,152.0,246,0,0,0,0
380173,Male,30,1,28.0,1,< 1 Year,No,26348.0,152.0,195,0,0,0,0
380174,Male,49,1,31.0,0,1-2 Year,No,2630.0,9.0,41,0,1,1,1
380175,Male,28,1,28.0,1,< 1 Year,No,76658.0,152.0,196,0,0,0,0
380176,Female,50,1,28.0,0,1-2 Year,No,61964.0,60.0,262,0,1,1,1
380177,Male,40,1,28.0,1,1-2 Year,No,23377.0,124.0,156,0,0,0,0
380178,Male,45,1,48.0,0,1-2 Year,Yes,2630.0,26.0,14,0,1,1,1
380179,Female,31,1,8.0,1,< 1 Year,No,34345.0,152.0,287,0,0,0,0
380180,Female,20,1,8.0,1,< 1 Year,No,54618.0,160.0,13,0,0,0,0
380181,Male,78,1,28.0,0,1-2 Year,No,36270.0,26.0,179,0,1,1,1
380182,Female,21,1,18.0,1,< 1 Year,No,31179.0,152.0,122,0,0,0,0
380183,Female,39,1,28.0,0,1-2 Year,Yes,2630.0,122.0,253,1,1,1,1
380184,Male,20,1,9.0,0,< 1 Year,Yes,38183.0,160.0,171,0,1,1,1
380185,Female,62,1,28.0,1,1-2 Year,No,32054.0,125.0,159,0,0,0,0
380186,Male,45,1,28.0,0,1-2 Year,Yes,35755.0,163.0,207,0,1,1,1
380187,Female,23,1,10.0,1,< 1 Year,No,2630.0,152.0,93,0,0,0,0
380188,Female,23,1,8.0,1,< 1 Year,No,29004.0,152.0,226,0,0,0,0
380189,Female,79,1,28.0,0,1-2 Year,Yes,29482.0,124.0,224,0,1,1,1
380190,Female,26,1,28.0,1,< 1 Year,No,18916.0,152.0,105,0,0,0,0
380191,Male,74,1,28.0,0,1-2 Year,Yes,47015.0,124.0,53,0,1,1,1
380192,Female,45,1,48.0,1,1-2 Year,No,2630.0,15.0,157,0,0,0,0
380193,Male,54,1,7.0,1,1-2 Year,No,36947.0,124.0,259,0,0,0,0
380194,Male,45,1,33.0,1,1-2 Year,No,52523.0,26.0,254,0,0,0,0
380195,Female,56,1,46.0,1,1-2 Year,No,26489.0,124.0,249,0,0,0,0
380196,Male,55,1,0.0,0,1-2 Year,Yes,2630.0,13.0,156,0,1,1,1
380197,Male,24,1,6.0,1,< 1 Year,No,18974.0,152.0,164,0,0,0,0
380198,Male,22,1,46.0,1,< 1 Year,No,21691.0,152.0,175,0,0,0,0
380199,Male,60,1,29.0,0,1-2 Year,Yes,2630.0,163.0,296,0,1,1,1
380200,Male,56,1,41.0,0,1-2 Year,Yes,30392.0,26.0,45,0,1,1,1
380201,Male,56,1,28.0,0,1-2 Year,No,48495.0,124.0,65,0,1,1,1
380202,Female,55,1,28.0,1,1-2 Year,No,28305.0,26.0,148,0,0,0,0
380203,Female,42,1,28.0,0,1-2 Year,Yes,2630.0,163.0,287,0,1,1,1
380204,Male,20,1,6.0,1,< 1 Year,No,30732.0,160.0,136,0,0,0,0
380205,Male,49,1,23.0,1,1-2 Year,No,2630.0,124.0,127,0,0,0,0
380206,Male,68,1,28.0,1,1-2 Year,Yes,42090.0,26.0,200,0,0,0,0
380207,Male,26,1,50.0,1,< 1 Year,No,22515.0,152.0,37,0,0,0,0
380208,Male,22,1,11.0,1,< 1 Year,No,25921.0,152.0,38,0,0,0,0
380209,Female,26,1,13.0,1,< 1 Year,No,18864.0,152.0,227,0,0,0,0
380210,Male,29,1,8.0,1,1-2 Year,No,27724.0,124.0,243,0,0,0,0
380211,Female,41,1,8.0,0,1-2 Year,Yes,41789.0,124.0,219,0,1,1,1
380212,Male,51,1,8.0,0,1-2 Year,Yes,2630.0,152.0,154,0,1,1,1
380213,Male,21,1,46.0,0,< 1 Year,Yes,32652.0,26.0,195,0,1,1,1
380214,Male,44,1,48.0,0,1-2 Year,Yes,2630.0,124.0,273,0,1,1,1
380215,Female,27,1,3.0,1,< 1 Year,No,25096.0,152.0,78,0,0,0,0
380216,Male,36,1,7.0,0,1-2 Year,Yes,2630.0,26.0,282,0,1,1,1
380217,Female,22,1,33.0,1,< 1 Year,No,27115.0,152.0,26,0,0,0,0
380218,Female,27,1,30.0,1,< 1 Year,No,30501.0,152.0,74,0,0,0,0
380219,Male,27,1,11.0,1,< 1 Year,No,23876.0,152.0,80,0,0,0,0
380220,Female,42,1,28.0,0,1-2 Year,Yes,43690.0,26.0,52,0,1,1,1
380221,Female,60,1,28.0,0,1-2 Year,Yes,68241.0,26.0,69,0,1,1,1
380222,Male,27,1,45.0,1,< 1 Year,No,35625.0,26.0,159,0,0,0,0
380223,Male,25,1,41.0,0,< 1 Year,Yes,29325.0,152.0,247,0,1,1,1
380224,Male,23,1,29.0,1,< 1 Year,No,51639.0,152.0,170,0,0,0,0
380225,Male,40,1,15.0,1,1-2 Year,Yes,2630.0,26.0,106,0,0,0,0
380226,Male,51,1,28.0,0,1-2 Year,Yes,74114.0,26.0,52,0,1,1,1
380227,Male,22,1,45.0,0,< 1 Year,Yes,2630.0,160.0,117,0,1,1,1
380228,Female,27,1,46.0,1,< 1 Year,No,25881.0,152.0,159,0,0,0,0
380229,Female,48,1,28.0,0,> 2 Years,Yes,36405.0,26.0,193,0,1,1,1
380230,Male,55,1,30.0,1,1-2 Year,No,24711.0,152.0,90,0,0,0,0
380231,Female,29,1,28.0,1,< 1 Year,No,24020.0,152.0,18,0,0,0,0
380232,Female,24,1,36.0,1,< 1 Year,No,33424.0,152.0,113,0,0,0,0
380233,Female,30,1,28.0,1,< 1 Year,No,50446.0,152.0,111,0,0,0,0
380234,Male,22,1,47.0,1,< 1 Year,Yes,37969.0,152.0,107,0,0,0,0
380235,Male,55,1,3.0,0,1-2 Year,Yes,29581.0,124.0,162,0,1,1,1
380236,Female,23,1,28.0,0,1-2 Year,Yes,34820.0,154.0,70,0,1,1,1
380237,Female,25,1,11.0,1,< 1 Year,No,35760.0,152.0,175,0,0,0,0
380238,Male,49,1,28.0,0,1-2 Year,Yes,43967.0,26.0,202,0,1,1,1
380239,Male,40,1,46.0,0,1-2 Year,Yes,43879.0,11.0,126,0,1,1,1
380240,Female,67,1,29.0,0,1-2 Year,Yes,34363.0,152.0,18,0,1,1,1
380241,Male,62,1,28.0,1,1-2 Year,No,2630.0,26.0,16,0,0,0,0
380242,Male,51,1,29.0,0,1-2 Year,Yes,2630.0,163.0,60,1,1,1,1
380243,Male,24,1,46.0,1,< 1 Year,No,44209.0,160.0,157,0,0,0,0
380244,Male,45,1,48.0,0,1-2 Year,Yes,2630.0,124.0,248,0,1,1,1
380245,Male,24,1,16.0,1,< 1 Year,No,35018.0,26.0,247,0,0,0,0
380246,Female,37,1,28.0,0,1-2 Year,Yes,38778.0,26.0,282,0,1,1,1
380247,Male,72,1,41.0,1,1-2 Year,No,39345.0,136.0,86,0,0,0,0
380248,Male,48,1,30.0,1,1-2 Year,No,32841.0,124.0,267,0,0,0,0
380249,Male,39,1,48.0,0,1-2 Year,Yes,2630.0,26.0,120,0,1,1,1
380250,Male,26,1,16.0,0,< 1 Year,No,31071.0,152.0,218,0,1,1,1
380251,Male,42,1,28.0,0,1-2 Year,Yes,35603.0,26.0,237,0,1,1,1
380252,Male,46,1,50.0,1,1-2 Year,No,42942.0,8.0,111,0,0,0,0
380253,Female,44,1,46.0,0,> 2 Years,Yes,43315.0,26.0,48,0,1,1,1
380254,Male,43,1,28.0,1,1-2 Year,No,22366.0,124.0,120,0,0,0,0
380255,Male,48,1,46.0,1,1-2 Year,No,29973.0,119.0,106,0,0,0,0
380256,Male,65,1,52.0,0,> 2 Years,Yes,37150.0,163.0,93,1,1,1,1
380257,Male,30,1,28.0,0,1-2 Year,Yes,44839.0,155.0,83,0,1,1,1
380258,Male,21,1,47.0,1,< 1 Year,No,33368.0,152.0,117,0,0,0,0
380259,Male,38,1,47.0,0,1-2 Year,Yes,32938.0,16.0,100,0,1,1,1
380260,Female,50,1,12.0,1,1-2 Year,No,22336.0,124.0,80,0,0,0,0
380261,Female,42,1,8.0,0,1-2 Year,Yes,46864.0,154.0,32,0,1,1,1
380262,Female,24,1,40.0,0,< 1 Year,Yes,41139.0,152.0,222,1,1,1,1
380263,Male,41,1,29.0,0,1-2 Year,Yes,33223.0,124.0,45,0,1,1,1
380264,Male,46,1,0.0,1,1-2 Year,No,2630.0,26.0,132,0,0,0,0
380265,Female,46,1,30.0,1,1-2 Year,No,42969.0,26.0,294,0,0,0,0
380266,Male,26,1,29.0,1,< 1 Year,No,34801.0,152.0,233,0,0,0,0
380267,Male,38,1,11.0,1,1-2 Year,No,33997.0,124.0,91,0,0,0,0
380268,Female,21,1,28.0,1,1-2 Year,No,2630.0,156.0,59,0,0,0,0
380269,Female,53,1,3.0,0,1-2 Year,No,2630.0,156.0,293,0,1,1,1
380270,Female,26,1,46.0,1,< 1 Year,No,24436.0,152.0,36,0,0,0,0
380271,Female,64,1,46.0,1,1-2 Year,No,28025.0,152.0,201,0,0,0,0
380272,Female,41,1,28.0,1,1-2 Year,No,35743.0,122.0,150,0,0,0,0
380273,Male,54,1,40.0,1,1-2 Year,Yes,31965.0,124.0,104,0,0,0,0
380274,Male,27,1,18.0,1,< 1 Year,No,27823.0,152.0,275,0,0,0,0
380275,Female,34,1,28.0,0,1-2 Year,Yes,45721.0,124.0,142,0,1,1,1
380276,Female,52,1,28.0,0,1-2 Year,Yes,25310.0,26.0,198,0,1,1,1
380277,Male,52,1,36.0,1,1-2 Year,No,34556.0,26.0,31,0,0,0,0
380278,Female,30,1,8.0,1,< 1 Year,No,28861.0,152.0,246,0,0,0,0
380279,Female,28,1,31.0,0,< 1 Year,Yes,2630.0,152.0,176,0,1,1,1
380280,Female,50,1,39.0,0,1-2 Year,No,2630.0,124.0,243,1,1,1,1
380281,Female,25,1,30.0,1,< 1 Year,No,23682.0,152.0,145,0,0,0,0
380282,Female,23,1,47.0,1,< 1 Year,No,39795.0,152.0,97,0,0,0,0
380283,Male,49,1,8.0,1,1-2 Year,No,35154.0,26.0,267,0,0,0,0
380284,Male,52,1,15.0,1,1-2 Year,No,40074.0,124.0,62,0,0,0,0
380285,Male,71,1,28.0,0,1-2 Year,Yes,34522.0,26.0,272,0,1,1,1
380286,Female,45,1,33.0,0,1-2 Year,Yes,28308.0,124.0,160,1,1,1,1
380287,Male,21,1,7.0,0,< 1 Year,Yes,64388.0,160.0,17,0,1,1,1
380288,Male,20,1,7.0,0,< 1 Year,Yes,36763.0,160.0,27,1,1,1,1
380289,Male,56,1,35.0,1,1-2 Year,No,2630.0,26.0,252,0,0,0,0
380290,Female,31,1,28.0,1,1-2 Year,No,28675.0,29.0,176,0,0,0,0
380291,Male,33,1,43.0,1,1-2 Year,No,30393.0,124.0,57,0,0,0,0
380292,Male,52,1,9.0,0,1-2 Year,Yes,33454.0,124.0,234,0,1,1,1
380293,Male,42,1,28.0,0,1-2 Year,No,23076.0,26.0,125,0,1,1,1
380294,Female,22,1,47.0,1,< 1 Year,Yes,32028.0,160.0,78,0,0,0,0
380295,Male,78,1,28.0,0,> 2 Years,Yes,44106.0,122.0,142,0,1,1,1
380296,Male,56,1,28.0,0,> 2 Years,Yes,26990.0,26.0,286,0,1,1,1
380297,Male,61,1,20.0,0,1-2 Year,Yes,2630.0,150.0,282,0,1,1,1
380298,Female,44,1,28.0,0,1-2 Year,Yes,46474.0,124.0,263,0,1,1,1
380299,Male,70,1,28.0,1,1-2 Year,No,52369.0,147.0,255,0,0,0,0
380300,Female,72,1,50.0,1,1-2 Year,No,45202.0,8.0,192,0,0,0,0
380301,Male,29,1,43.0,1,< 1 Year,No,33915.0,124.0,151,0,0,0,0
380302,Male,46,1,28.0,0,> 2 Years,Yes,29204.0,26.0,32,1,1,1,1
380303,Male,39,1,36.0,0,1-2 Year,Yes,2630.0,157.0,217,0,1,1,1
380304,Male,22,1,8.0,1,< 1 Year,No,57302.0,152.0,279,0,0,0,0
380305,Female,66,1,28.0,0,1-2 Year,Yes,36922.0,124.0,248,0,1,1,1
380306,Female,22,1,31.0,0,< 1 Year,No,2630.0,152.0,42,0,1,1,1
380307,Male,54,1,8.0,0,1-2 Year,Yes,38942.0,26.0,66,0,1,1,1
380308,Female,59,1,0.0,0,1-2 Year,Yes,2630.0,26.0,105,0,1,1,1
380309,Male,77,1,28.0,0,1-2 Year,Yes,49244.0,122.0,233,0,1,1,1
380310,Male,42,1,24.0,1,1-2 Year,No,37071.0,124.0,295,0,0,0,0
380311,Female,25,1,30.0,1,< 1 Year,No,29071.0,152.0,34,0,0,0,0
380312,Female,37,1,46.0,0,1-2 Year,Yes,29424.0,21.0,103,0,1,1,1
380313,Female,20,1,41.0,1,< 1 Year,No,37152.0,160.0,115,0,0,0,0
380314,Female,46,1,28.0,0,1-2 Year,Yes,95453.0,124.0,62,0,1,1,1
380315,Male,57,1,46.0,0,1-2 Year,Yes,39803.0,124.0,134,0,1,1,1
380316,Male,40,1,28.0,1,1-2 Year,No,36871.0,31.0,26,0,0,0,0
380317,Male,29,1,24.0,0,< 1 Year,Yes,28827.0,152.0,291,1,1,1,1
380318,Male,77,1,8.0,1,1-2 Year,No,39321.0,7.0,152,0,0,0,0
380319,Male,44,1,8.0,1,1-2 Year,No,34102.0,26.0,65,0,0,0,0
380320,Male,27,1,3.0,1,< 1 Year,No,23132.0,152.0,97,0,0,0,0
380321,Female,47,1,28.0,0,1-2 Year,Yes,46211.0,26.0,196,0,1,1,1
380322,Male,24,1,15.0,0,< 1 Year,No,35568.0,152.0,257,0,1,1,1
380323,Male,70,1,28.0,0,1-2 Year,Yes,43965.0,26.0,119,0,1,1,1
380324,Female,22,1,30.0,0,< 1 Year,Yes,26318.0,152.0,257,0,1,1,1
380325,Female,28,1,30.0,1,< 1 Year,No,30215.0,152.0,145,0,0,0,0
380326,Female,69,1,46.0,1,1-2 Year,Yes,30119.0,30.0,165,0,0,0,0
380327,Male,50,1,9.0,0,1-2 Year,Yes,29474.0,152.0,25,0,1,1,1
380328,Male,41,1,28.0,0,1-2 Year,Yes,70659.0,124.0,90,0,1,1,1
380329,Female,32,1,50.0,1,< 1 Year,No,37369.0,152.0,131,0,0,0,0
380330,Male,21,1,32.0,1,< 1 Year,No,35124.0,152.0,240,0,0,0,0
380331,Female,46,1,41.0,0,1-2 Year,Yes,48295.0,26.0,58,1,1,1,1
380332,Female,23,1,47.0,1,< 1 Year,No,34973.0,152.0,231,0,0,0,0
380333,Female,33,1,32.0,0,< 1 Year,Yes,2630.0,124.0,205,1,1,1,1
380334,Male,60,1,28.0,0,1-2 Year,Yes,42612.0,56.0,35,0,1,1,1
380335,Male,56,1,28.0,0,1-2 Year,Yes,80307.0,124.0,226,0,1,1,1
380336,Male,53,1,45.0,0,1-2 Year,Yes,24904.0,26.0,163,1,1,1,1
380337,Male,30,1,28.0,1,< 1 Year,No,60954.0,152.0,127,0,0,0,0
380338,Female,46,1,28.0,0,1-2 Year,Yes,40758.0,120.0,265,0,1,1,1
380339,Male,23,1,28.0,0,1-2 Year,Yes,70231.0,122.0,68,0,1,1,1
380340,Female,24,1,25.0,0,< 1 Year,Yes,25897.0,160.0,274,1,1,1,1
380341,Male,41,1,46.0,0,1-2 Year,Yes,21000.0,11.0,220,0,1,1,1
380342,Male,41,1,28.0,0,1-2 Year,No,2630.0,124.0,270,0,1,1,1
380343,Female,42,1,28.0,0,1-2 Year,Yes,51234.0,122.0,203,1,1,1,1
380344,Female,45,1,20.0,1,1-2 Year,No,2630.0,124.0,19,0,0,0,0
380345,Female,36,1,30.0,1,1-2 Year,No,29996.0,152.0,185,0,0,0,0
380346,Female,48,1,28.0,1,1-2 Year,No,37561.0,124.0,260,0,0,0,0
380347,Female,22,1,32.0,1,< 1 Year,No,32812.0,152.0,33,0,0,0,0
380348,Male,40,1,30.0,0,1-2 Year,Yes,26588.0,163.0,163,1,1,1,1
380349,Male,40,1,41.0,0,1-2 Year,Yes,29934.0,122.0,287,0,1,1,1
380350,Male,43,1,28.0,1,1-2 Year,No,30649.0,124.0,276,0,0,0,0
380351,Male,52,1,8.0,1,1-2 Year,No,2630.0,26.0,233,0,0,0,0
380352,Male,24,1,13.0,1,< 1 Year,No,15553.0,152.0,84,0,0,0,0
380353,Male,40,1,28.0,0,1-2 Year,No,28816.0,124.0,261,1,1,1,1
380354,Female,22,1,13.0,0,< 1 Year,Yes,21289.0,152.0,184,0,1,1,1
380355,Female,28,1,46.0,1,< 1 Year,No,28181.0,152.0,161,0,0,0,0
380356,Male,64,1,28.0,1,1-2 Year,No,27320.0,23.0,112,0,0,0,0
380357,Male,25,1,28.0,1,< 1 Year,No,34337.0,151.0,123,0,0,0,0
380358,Female,24,1,31.0,1,< 1 Year,No,2630.0,152.0,177,0,0,0,0
380359,Male,61,1,28.0,1,1-2 Year,No,40347.0,26.0,63,0,0,0,0
380360,Male,52,1,48.0,0,> 2 Years,Yes,2630.0,157.0,64,1,1,1,1
380361,Female,43,1,28.0,0,1-2 Year,Yes,47263.0,155.0,162,0,1,1,1
380362,Male,61,1,7.0,1,1-2 Year,No,2630.0,26.0,106,0,0,0,0
380363,Male,28,1,8.0,0,1-2 Year,Yes,35095.0,156.0,74,0,1,1,1
380364,Female,23,1,14.0,1,< 1 Year,No,22652.0,152.0,207,0,0,0,0
380365,Female,42,1,28.0,0,1-2 Year,Yes,35810.0,26.0,29,0,1,1,1
380366,Female,23,1,15.0,0,< 1 Year,Yes,32409.0,152.0,189,0,1,1,1
380367,Male,25,1,46.0,1,< 1 Year,No,44588.0,152.0,250,0,0,0,0
380368,Male,45,1,10.0,0,1-2 Year,Yes,2630.0,26.0,18,1,1,1,1
380369,Male,42,1,28.0,0,> 2 Years,Yes,53161.0,124.0,72,0,1,1,1
380370,Male,44,1,45.0,1,1-2 Year,No,31276.0,26.0,87,0,0,0,0
380371,Male,22,1,30.0,1,< 1 Year,No,26017.0,152.0,193,0,0,0,0
380372,Female,45,1,28.0,0,1-2 Year,Yes,57328.0,55.0,46,1,1,1,1
380373,Male,52,1,28.0,0,1-2 Year,Yes,48323.0,26.0,54,0,1,1,1
380374,Female,27,1,28.0,1,< 1 Year,No,45936.0,152.0,264,0,0,0,0
380375,Male,46,1,28.0,0,1-2 Year,Yes,29613.0,124.0,296,1,1,1,1
380376,Male,54,1,3.0,1,1-2 Year,No,26921.0,26.0,43,0,0,0,0
380377,Female,24,1,47.0,1,< 1 Year,No,36661.0,151.0,283,0,0,0,0
380378,Female,26,1,45.0,1,< 1 Year,No,24613.0,152.0,37,0,0,0,0
380379,Male,29,1,21.0,1,< 1 Year,No,30989.0,152.0,189,0,0,0,0
380380,Male,24,1,16.0,1,< 1 Year,No,27249.0,152.0,150,0,0,0,0
380381,Female,22,1,41.0,1,< 1 Year,No,23233.0,152.0,265,0,0,0,0
380382,Female,31,1,38.0,0,< 1 Year,No,2630.0,154.0,207,0,1,1,1
380383,Male,68,1,46.0,1,1-2 Year,No,34255.0,26.0,14,0,0,0,0
380384,Female,24,1,50.0,1,< 1 Year,No,39994.0,152.0,172,0,0,0,0
380385,Male,24,1,45.0,1,< 1 Year,No,45607.0,152.0,215,0,0,0,0
380386,Male,50,1,28.0,1,1-2 Year,No,34881.0,124.0,51,0,0,0,0
380387,Female,55,1,4.0,0,1-2 Year,No,30449.0,124.0,131,0,1,1,1
380388,Female,24,1,35.0,0,< 1 Year,Yes,24529.0,152.0,246,0,1,1,1
380389,Female,42,1,28.0,1,1-2 Year,No,22597.0,26.0,288,0,0,0,0
380390,Female,72,1,28.0,0,> 2 Years,Yes,42935.0,25.0,200,0,1,1,1
380391,Female,23,1,52.0,1,< 1 Year,No,45008.0,152.0,228,0,0,0,0
380392,Male,46,1,8.0,0,1-2 Year,Yes,31924.0,124.0,121,1,1,1,1
380393,Male,40,1,38.0,0,1-2 Year,Yes,21962.0,124.0,182,0,1,1,1
380394,Male,46,1,48.0,0,1-2 Year,No,2630.0,124.0,263,0,1,1,1
380395,Female,64,1,8.0,1,1-2 Year,No,2630.0,124.0,233,0,0,0,0
380396,Male,56,1,43.0,0,> 2 Years,Yes,33543.0,124.0,138,0,1,1,1
380397,Male,65,1,46.0,1,1-2 Year,Yes,2630.0,94.0,295,0,0,0,0
380398,Female,25,1,11.0,1,< 1 Year,No,32964.0,152.0,69,0,0,0,0
380399,Female,35,1,28.0,1,1-2 Year,No,26273.0,124.0,250,0,0,0,0
380400,Male,22,1,30.0,1,< 1 Year,No,27280.0,160.0,25,0,0,0,0
380401,Male,47,1,33.0,0,1-2 Year,Yes,27708.0,124.0,28,0,1,1,1
380402,Female,38,1,33.0,0,> 2 Years,Yes,2630.0,26.0,144,0,1,1,1
380403,Female,47,1,48.0,0,1-2 Year,Yes,2630.0,15.0,209,0,1,1,1
380404,Female,40,1,28.0,0,1-2 Year,Yes,32643.0,124.0,259,1,1,1,1
380405,Female,76,1,28.0,1,1-2 Year,No,32075.0,124.0,189,0,0,0,0
380406,Female,43,1,40.0,0,1-2 Year,Yes,38290.0,26.0,248,0,1,1,1
380407,Male,38,1,46.0,0,1-2 Year,Yes,2630.0,124.0,21,0,1,1,1
380408,Female,29,1,28.0,0,< 1 Year,No,32967.0,152.0,55,0,1,1,1
380409,Male,35,1,40.0,0,1-2 Year,Yes,2630.0,156.0,188,1,1,1,1
380410,Male,46,1,28.0,1,1-2 Year,Yes,31679.0,26.0,63,0,0,0,0
380411,Male,44,1,46.0,0,1-2 Year,Yes,27156.0,26.0,151,1,1,1,1
380412,Male,37,1,30.0,0,1-2 Year,Yes,30105.0,156.0,31,0,1,1,1
380413,Male,23,1,36.0,1,< 1 Year,No,38240.0,152.0,38,0,0,0,0
380414,Female,40,1,6.0,0,1-2 Year,Yes,2630.0,122.0,207,0,1,1,1
380415,Female,46,1,35.0,1,1-2 Year,No,35362.0,152.0,63,0,0,0,0
380416,Male,26,1,33.0,1,< 1 Year,No,24008.0,152.0,269,0,0,0,0
380417,Female,57,1,3.0,0,1-2 Year,Yes,2630.0,26.0,110,0,1,1,1
380418,Female,63,1,29.0,1,1-2 Year,No,22756.0,124.0,236,0,0,0,0
380419,Male,39,1,28.0,0,1-2 Year,Yes,39809.0,124.0,95,0,1,1,1
380420,Female,23,1,32.0,1,< 1 Year,No,30128.0,152.0,20,0,0,0,0
380421,Female,22,1,13.0,0,< 1 Year,Yes,26946.0,152.0,125,0,1,1,1
380422,Male,55,1,48.0,0,1-2 Year,Yes,2630.0,26.0,228,0,1,1,1
380423,Female,24,1,13.0,1,< 1 Year,No,29601.0,152.0,265,0,0,0,0
380424,Male,73,1,50.0,1,1-2 Year,No,35852.0,26.0,15,0,0,0,0
380425,Male,47,1,48.0,0,1-2 Year,Yes,2630.0,124.0,64,1,1,1,1
380426,Male,72,1,15.0,1,1-2 Year,Yes,2630.0,26.0,273,0,0,0,0
380427,Female,24,1,6.0,1,< 1 Year,No,24118.0,152.0,205,0,0,0,0
380428,Male,65,1,28.0,1,1-2 Year,No,29056.0,124.0,247,0,0,0,0
380429,Female,30,1,28.0,1,1-2 Year,No,57733.0,158.0,270,0,0,0,0
380430,Female,30,1,45.0,1,< 1 Year,No,32011.0,152.0,41,0,0,0,0
380431,Female,63,1,46.0,0,1-2 Year,Yes,40984.0,124.0,210,0,1,1,1
380432,Male,21,1,29.0,1,< 1 Year,No,43207.0,152.0,59,0,0,0,0
380433,Female,47,1,48.0,1,1-2 Year,No,2630.0,37.0,68,0,0,0,0
380434,Female,25,1,3.0,0,< 1 Year,Yes,2630.0,160.0,208,0,1,1,1
380435,Female,22,1,12.0,1,< 1 Year,No,38589.0,152.0,34,0,0,0,0
380436,Female,38,1,8.0,0,< 1 Year,Yes,2630.0,1.0,93,0,1,1,1
380437,Male,54,1,28.0,0,1-2 Year,Yes,36433.0,26.0,171,0,1,1,1
380438,Male,27,1,30.0,1,< 1 Year,No,38779.0,152.0,60,0,0,0,0
380439,Male,55,1,0.0,1,1-2 Year,No,2630.0,26.0,22,0,0,0,0
380440,Female,45,1,28.0,0,1-2 Year,Yes,33890.0,124.0,207,0,1,1,1
380441,Male,29,1,35.0,1,< 1 Year,No,19387.0,152.0,126,0,0,0,0
380442,Female,37,1,35.0,0,1-2 Year,Yes,32568.0,10.0,254,0,1,1,1
380443,Female,25,1,50.0,1,< 1 Year,No,44600.0,152.0,65,0,0,0,0
380444,Female,74,1,41.0,1,1-2 Year,Yes,38370.0,26.0,185,0,0,0,0
380445,Female,26,1,41.0,1,< 1 Year,No,22470.0,152.0,115,0,0,0,0
380446,Male,42,1,28.0,1,1-2 Year,No,28770.0,125.0,107,0,0,0,0
380447,Female,21,1,28.0,0,< 1 Year,Yes,37672.0,124.0,124,0,1,1,1
380448,Male,48,1,36.0,0,1-2 Year,Yes,27540.0,124.0,288,1,1,1,1
380449,Male,47,1,28.0,1,1-2 Year,No,43697.0,26.0,19,0,0,0,0
380450,Male,24,1,3.0,1,< 1 Year,No,20245.0,152.0,146,0,0,0,0
380451,Male,45,1,28.0,0,1-2 Year,Yes,34649.0,26.0,25,0,1,1,1
380452,Male,79,1,28.0,1,1-2 Year,No,44279.0,124.0,267,0,0,0,0
380453,Female,24,1,37.0,1,< 1 Year,No,36554.0,152.0,104,0,0,0,0
380454,Male,64,1,36.0,1,1-2 Year,No,45442.0,124.0,163,0,0,0,0
380455,Female,40,1,28.0,0,1-2 Year,Yes,32443.0,124.0,99,1,1,1,1
380456,Female,33,1,17.0,0,1-2 Year,Yes,2630.0,157.0,58,0,1,1,1
380457,Male,61,1,35.0,1,1-2 Year,No,34175.0,124.0,58,0,0,0,0
380458,Female,46,1,39.0,0,1-2 Year,No,2630.0,124.0,148,0,1,1,1
380459,Male,58,1,24.0,0,1-2 Year,Yes,34185.0,26.0,35,0,1,1,1
380460,Male,35,1,41.0,1,1-2 Year,No,33124.0,26.0,40,0,0,0,0
380461,Male,44,1,28.0,0,1-2 Year,Yes,38317.0,26.0,203,1,1,1,1
380462,Female,44,1,28.0,0,1-2 Year,Yes,35156.0,26.0,11,0,1,1,1
380463,Female,40,1,28.0,0,1-2 Year,Yes,44109.0,124.0,22,1,1,1,1
380464,Female,27,1,50.0,0,< 1 Year,Yes,2630.0,152.0,54,0,1,1,1
380465,Male,47,1,28.0,0,1-2 Year,Yes,54981.0,26.0,142,0,1,1,1
380466,Male,57,1,28.0,0,1-2 Year,Yes,2630.0,157.0,35,0,1,1,1
380467,Female,22,1,50.0,0,< 1 Year,No,45283.0,152.0,161,0,1,1,1
380468,Female,63,1,28.0,0,1-2 Year,Yes,35456.0,122.0,254,0,1,1,1
380469,Female,21,1,25.0,1,< 1 Year,No,34261.0,152.0,52,0,0,0,0
380470,Female,21,1,36.0,1,< 1 Year,No,30464.0,152.0,30,0,0,0,0
380471,Male,39,1,39.0,1,1-2 Year,No,30377.0,26.0,144,0,0,0,0
380472,Female,21,1,46.0,1,< 1 Year,No,24961.0,160.0,201,0,0,0,0
380473,Female,38,1,37.0,0,1-2 Year,Yes,2630.0,156.0,282,1,1,1,1
380474,Male,38,1,33.0,0,1-2 Year,No,24002.0,124.0,189,0,1,1,1
380475,Male,55,1,28.0,1,1-2 Year,No,36778.0,26.0,48,0,0,0,0
380476,Male,26,1,24.0,1,< 1 Year,No,24999.0,152.0,148,0,0,0,0
380477,Male,22,1,37.0,0,< 1 Year,Yes,30799.0,152.0,152,0,1,1,1
380478,Male,31,1,46.0,0,< 1 Year,Yes,2630.0,152.0,38,1,1,1,1
380479,Female,57,1,33.0,0,1-2 Year,Yes,28284.0,124.0,40,0,1,1,1
380480,Female,24,1,28.0,1,1-2 Year,Yes,34312.0,124.0,39,0,0,0,0
380481,Female,53,1,30.0,0,1-2 Year,Yes,26143.0,152.0,164,0,1,1,1
380482,Male,44,1,28.0,0,1-2 Year,Yes,29924.0,124.0,152,0,1,1,1
380483,Female,36,1,28.0,0,1-2 Year,Yes,2630.0,156.0,38,0,1,1,1
380484,Male,22,1,33.0,0,< 1 Year,Yes,33776.0,152.0,186,0,1,1,1
380485,Male,33,1,17.0,0,1-2 Year,Yes,41546.0,124.0,224,0,1,1,1
380486,Male,53,1,15.0,0,1-2 Year,Yes,45106.0,124.0,293,0,1,1,1
380487,Female,33,1,28.0,0,1-2 Year,Yes,34349.0,124.0,261,0,1,1,1
380488,Male,67,1,17.0,0,1-2 Year,Yes,2630.0,26.0,132,0,1,1,1
380489,Male,28,1,8.0,0,< 1 Year,Yes,38263.0,152.0,128,0,1,1,1
380490,Female,49,1,16.0,0,1-2 Year,No,32313.0,124.0,282,0,1,1,1
380491,Male,23,1,27.0,0,< 1 Year,No,24837.0,160.0,241,0,1,1,1
380492,Female,46,1,28.0,0,1-2 Year,Yes,30145.0,26.0,191,0,1,1,1
380493,Male,41,1,28.0,1,1-2 Year,Yes,26654.0,26.0,123,0,0,0,0
380494,Female,36,1,28.0,0,1-2 Year,Yes,2630.0,124.0,80,0,1,1,1
380495,Male,52,1,28.0,0,1-2 Year,Yes,2630.0,26.0,30,0,1,1,1
380496,Male,23,1,29.0,1,< 1 Year,No,35615.0,152.0,248,0,0,0,0
380497,Female,22,1,49.0,0,< 1 Year,Yes,22970.0,152.0,189,0,1,1,1
380498,Female,51,1,28.0,0,1-2 Year,Yes,44470.0,25.0,261,0,1,1,1
380499,Male,31,1,28.0,1,1-2 Year,No,51413.0,24.0,132,0,0,0,0
380500,Male,22,1,46.0,0,< 1 Year,Yes,34902.0,152.0,134,0,1,1,1
380501,Male,54,1,28.0,0,1-2 Year,Yes,37357.0,25.0,284,0,1,1,1
380502,Male,24,1,22.0,1,< 1 Year,No,29920.0,152.0,179,0,0,0,0
380503,Female,52,1,29.0,0,1-2 Year,Yes,24158.0,26.0,44,0,1,1,1
380504,Male,61,1,28.0,0,1-2 Year,Yes,36645.0,122.0,237,0,1,1,1
380505,Female,52,1,48.0,0,1-2 Year,Yes,2630.0,26.0,157,0,1,1,1
380506,Female,49,1,48.0,0,1-2 Year,Yes,2630.0,26.0,60,0,1,1,1
380507,Female,70,1,28.0,0,1-2 Year,Yes,2630.0,124.0,265,0,1,1,1
380508,Male,44,1,28.0,0,1-2 Year,Yes,2630.0,124.0,119,0,1,1,1
380509,Female,45,1,28.0,0,1-2 Year,Yes,2630.0,124.0,279,0,1,1,1
380510,Female,33,1,16.0,1,< 1 Year,No,35367.0,152.0,240,0,0,0,0
380511,Female,23,1,6.0,1,< 1 Year,No,19095.0,152.0,15,0,0,0,0
380512,Male,34,1,37.0,1,1-2 Year,No,30691.0,26.0,56,0,0,0,0
380513,Female,21,1,14.0,0,< 1 Year,Yes,36103.0,152.0,208,0,1,1,1
380514,Female,36,1,28.0,0,1-2 Year,Yes,2630.0,26.0,295,0,1,1,1
380515,Male,22,1,30.0,1,< 1 Year,No,26197.0,152.0,165,0,0,0,0
380516,Female,20,1,33.0,0,< 1 Year,Yes,23622.0,160.0,85,0,1,1,1
380517,Male,42,1,28.0,0,1-2 Year,Yes,37093.0,157.0,271,1,1,1,1
380518,Female,43,1,15.0,0,1-2 Year,Yes,2630.0,157.0,113,0,1,1,1
380519,Female,49,1,28.0,0,1-2 Year,Yes,2630.0,157.0,30,0,1,1,1
380520,Female,75,1,28.0,1,1-2 Year,No,2630.0,13.0,297,0,0,0,0
380521,Male,36,1,36.0,1,1-2 Year,Yes,2630.0,156.0,63,0,0,0,0
380522,Female,77,1,28.0,0,> 2 Years,Yes,31410.0,26.0,30,0,1,1,1
380523,Female,24,1,35.0,1,< 1 Year,Yes,24073.0,160.0,155,0,0,0,0
380524,Female,21,1,8.0,1,< 1 Year,No,52569.0,152.0,92,0,0,0,0
380525,Male,27,1,41.0,1,< 1 Year,No,30691.0,152.0,294,0,0,0,0
380526,Female,62,1,8.0,0,> 2 Years,Yes,50574.0,26.0,18,0,1,1,1
380527,Female,40,1,35.0,0,1-2 Year,Yes,36585.0,124.0,96,1,1,1,1
380528,Male,22,1,36.0,0,< 1 Year,No,2630.0,152.0,13,0,1,1,1
380529,Male,49,1,28.0,0,1-2 Year,Yes,48625.0,124.0,242,0,1,1,1
380530,Male,21,1,8.0,1,< 1 Year,No,43470.0,152.0,105,0,0,0,0
380531,Female,23,1,29.0,0,< 1 Year,Yes,2630.0,151.0,63,0,1,1,1
380532,Female,54,1,50.0,0,1-2 Year,Yes,2630.0,152.0,84,0,1,1,1
380533,Male,23,1,50.0,1,< 1 Year,No,28163.0,152.0,62,0,0,0,0
380534,Male,65,1,28.0,1,1-2 Year,No,39126.0,26.0,146,0,0,0,0
380535,Male,40,1,8.0,0,1-2 Year,Yes,28406.0,124.0,225,0,1,1,1
380536,Male,77,1,7.0,1,1-2 Year,Yes,25286.0,26.0,236,0,0,0,0
380537,Male,20,1,34.0,0,1-2 Year,Yes,2630.0,163.0,134,0,1,1,1
380538,Male,57,0,28.0,0,1-2 Year,Yes,48647.0,122.0,144,0,1,1,1
380539,Male,39,1,8.0,1,1-2 Year,No,50838.0,26.0,280,0,0,0,0
380540,Male,21,1,8.0,1,1-2 Year,No,67909.0,156.0,138,0,0,0,0
380541,Female,22,1,39.0,0,< 1 Year,Yes,21515.0,152.0,64,0,1,1,1
380542,Male,57,1,11.0,1,1-2 Year,No,34980.0,26.0,16,0,0,0,0
380543,Male,72,1,15.0,0,> 2 Years,Yes,32225.0,14.0,90,0,1,1,1
380544,Male,38,1,7.0,1,1-2 Year,No,25844.0,124.0,211,0,0,0,0
380545,Male,28,1,6.0,1,< 1 Year,No,26491.0,26.0,155,0,0,0,0
380546,Male,50,1,28.0,0,1-2 Year,Yes,44121.0,124.0,48,0,1,1,1
380547,Female,24,1,47.0,0,< 1 Year,Yes,36916.0,152.0,184,0,1,1,1
380548,Male,66,1,28.0,0,1-2 Year,Yes,39130.0,152.0,155,0,1,1,1
380549,Male,38,1,29.0,1,1-2 Year,Yes,2630.0,124.0,74,0,0,0,0
380550,Male,22,1,10.0,1,< 1 Year,No,33526.0,152.0,294,0,0,0,0
380551,Male,26,1,21.0,1,< 1 Year,No,52351.0,152.0,156,0,0,0,0
380552,Female,21,1,33.0,1,< 1 Year,No,33941.0,152.0,181,0,0,0,0
380553,Female,35,1,41.0,0,1-2 Year,Yes,69288.0,156.0,232,0,1,1,1
380554,Male,41,1,28.0,0,1-2 Year,Yes,50257.0,55.0,84,0,1,1,1
380555,Female,46,1,28.0,1,1-2 Year,Yes,36894.0,26.0,127,0,0,0,0
380556,Female,24,1,28.0,1,< 1 Year,No,49687.0,152.0,276,0,0,0,0
380557,Female,21,1,2.0,0,< 1 Year,Yes,39605.0,152.0,96,0,1,1,1
380558,Female,29,1,47.0,1,< 1 Year,No,45563.0,152.0,91,0,0,0,0
380559,Male,52,1,8.0,1,1-2 Year,No,36886.0,124.0,107,0,0,0,0
380560,Female,24,1,28.0,1,< 1 Year,Yes,2630.0,152.0,107,0,0,0,0
380561,Male,20,1,36.0,0,< 1 Year,Yes,30784.0,160.0,193,0,1,1,1
380562,Male,46,1,15.0,0,1-2 Year,Yes,2630.0,26.0,203,0,1,1,1
380563,Female,33,1,18.0,0,< 1 Year,Yes,20495.0,152.0,217,0,1,1,1
380564,Female,25,1,11.0,1,< 1 Year,No,22639.0,152.0,14,0,0,0,0
380565,Female,31,1,3.0,0,< 1 Year,Yes,26620.0,124.0,273,0,1,1,1
380566,Male,25,1,36.0,0,< 1 Year,No,39809.0,152.0,98,0,1,1,1
380567,Female,41,1,43.0,0,1-2 Year,Yes,35536.0,124.0,245,0,1,1,1
380568,Male,56,1,25.0,0,1-2 Year,No,25491.0,152.0,286,0,1,1,1
380569,Male,52,1,46.0,0,1-2 Year,Yes,33257.0,26.0,31,0,1,1,1
380570,Male,23,1,50.0,1,< 1 Year,No,39412.0,152.0,214,0,0,0,0
380571,Female,34,1,8.0,0,1-2 Year,Yes,31042.0,124.0,145,0,1,1,1
380572,Male,44,1,12.0,0,1-2 Year,Yes,27668.0,124.0,286,0,1,1,1
380573,Male,27,1,47.0,1,< 1 Year,No,33123.0,152.0,78,0,0,0,0
380574,Male,35,1,29.0,0,1-2 Year,Yes,38191.0,26.0,113,0,1,1,1
380575,Male,24,1,50.0,0,< 1 Year,No,32243.0,151.0,49,0,1,1,1
380576,Male,53,1,8.0,0,1-2 Year,Yes,56435.0,26.0,25,0,1,1,1
380577,Female,51,1,28.0,0,1-2 Year,Yes,52918.0,26.0,93,1,1,1,1
380578,Female,22,1,11.0,1,< 1 Year,No,30213.0,152.0,229,0,0,0,0
380579,Male,44,1,8.0,1,1-2 Year,Yes,36191.0,26.0,268,0,0,0,0
380580,Female,58,1,28.0,0,1-2 Year,Yes,42976.0,124.0,39,0,1,1,1
380581,Male,24,1,35.0,0,< 1 Year,Yes,2630.0,160.0,17,0,1,1,1
380582,Female,23,1,41.0,1,< 1 Year,No,22564.0,152.0,62,0,0,0,0
380583,Female,53,1,28.0,1,1-2 Year,No,32494.0,26.0,290,0,0,0,0
380584,Male,20,1,46.0,1,< 1 Year,No,20707.0,160.0,148,0,0,0,0
380585,Male,28,1,47.0,0,< 1 Year,Yes,2630.0,156.0,231,1,1,1,1
380586,Male,44,1,8.0,0,1-2 Year,Yes,40787.0,154.0,139,1,1,1,1
380587,Male,42,1,50.0,0,1-2 Year,Yes,26839.0,124.0,292,0,1,1,1
380588,Male,47,1,46.0,1,1-2 Year,No,31593.0,124.0,298,0,0,0,0
380589,Male,28,1,41.0,1,< 1 Year,No,33757.0,152.0,129,0,0,0,0
380590,Female,54,1,3.0,0,1-2 Year,Yes,23050.0,26.0,49,1,1,1,1
380591,Female,26,1,45.0,1,< 1 Year,No,19160.0,152.0,112,0,0,0,0
380592,Female,43,1,28.0,0,1-2 Year,Yes,31041.0,152.0,97,1,1,1,1
380593,Male,53,1,28.0,0,> 2 Years,Yes,42925.0,26.0,47,0,1,1,1
380594,Male,43,1,46.0,0,> 2 Years,Yes,28547.0,124.0,69,1,1,1,1
380595,Male,28,1,48.0,0,< 1 Year,Yes,2630.0,160.0,24,0,1,1,1
380596,Male,21,1,13.0,0,< 1 Year,Yes,27930.0,160.0,124,0,1,1,1
380597,Male,21,1,46.0,1,< 1 Year,No,22219.0,160.0,264,0,0,0,0
380598,Male,42,1,7.0,1,1-2 Year,No,26397.0,124.0,112,0,0,0,0
380599,Female,29,1,25.0,1,< 1 Year,No,28493.0,152.0,238,0,0,0,0
380600,Male,67,0,11.0,1,1-2 Year,No,36953.0,26.0,135,0,0,0,0
380601,Female,41,1,8.0,1,1-2 Year,No,33083.0,124.0,213,0,0,0,0
380602,Female,78,1,28.0,1,1-2 Year,No,22574.0,122.0,138,0,0,0,0
380603,Male,72,1,28.0,0,1-2 Year,Yes,37492.0,124.0,295,0,1,1,1
380604,Male,33,1,28.0,0,< 1 Year,Yes,49455.0,122.0,198,1,1,1,1
380605,Female,21,1,36.0,1,< 1 Year,No,31101.0,160.0,78,0,0,0,0
380606,Female,53,1,28.0,0,1-2 Year,Yes,67320.0,26.0,123,1,1,1,1
380607,Male,41,1,28.0,0,1-2 Year,Yes,42721.0,54.0,132,1,1,1,1
380608,Male,45,1,41.0,0,1-2 Year,Yes,32022.0,124.0,244,1,1,1,1
380609,Female,22,1,6.0,1,< 1 Year,No,19089.0,152.0,160,0,0,0,0
380610,Female,35,1,28.0,0,1-2 Year,Yes,25991.0,26.0,169,0,1,1,1
380611,Male,34,1,28.0,1,1-2 Year,No,41838.0,26.0,266,0,0,0,0
380612,Female,40,1,33.0,1,1-2 Year,No,32755.0,124.0,157,0,0,0,0
380613,Male,52,1,11.0,0,1-2 Year,Yes,2630.0,26.0,197,0,1,1,1
380614,Male,47,1,18.0,0,1-2 Year,Yes,30597.0,122.0,45,0,1,1,1
380615,Female,58,1,41.0,1,1-2 Year,No,38612.0,152.0,222,0,0,0,0
380616,Female,24,1,39.0,1,< 1 Year,No,34398.0,160.0,30,0,0,0,0
380617,Male,48,1,36.0,0,1-2 Year,Yes,36307.0,124.0,228,1,1,1,1
380618,Male,58,1,28.0,0,1-2 Year,Yes,34687.0,124.0,195,1,1,1,1
380619,Male,24,1,29.0,1,< 1 Year,No,33535.0,152.0,299,0,0,0,0
380620,Female,25,1,37.0,1,< 1 Year,No,29380.0,152.0,66,0,0,0,0
380621,Female,46,1,8.0,0,1-2 Year,Yes,33377.0,154.0,122,1,1,1,1
380622,Male,23,1,36.0,0,1-2 Year,Yes,2630.0,163.0,242,0,1,1,1
380623,Female,64,1,32.0,1,1-2 Year,No,32060.0,124.0,107,0,0,0,0
380624,Female,24,1,21.0,1,< 1 Year,No,21316.0,152.0,131,0,0,0,0
380625,Female,43,1,8.0,0,1-2 Year,Yes,44543.0,26.0,117,0,1,1,1
380626,Female,22,1,36.0,0,< 1 Year,No,32361.0,152.0,160,0,1,1,1
380627,Male,28,1,41.0,1,< 1 Year,No,18854.0,152.0,213,0,0,0,0
380628,Female,23,1,28.0,1,< 1 Year,No,43363.0,152.0,257,0,0,0,0
380629,Male,24,1,11.0,1,< 1 Year,No,25863.0,152.0,234,0,0,0,0
380630,Male,30,1,30.0,1,1-2 Year,No,2630.0,154.0,45,1,0,0,0
380631,Female,54,1,27.0,0,1-2 Year,No,45491.0,122.0,215,0,1,1,1
380632,Male,72,1,8.0,1,1-2 Year,No,2630.0,7.0,224,0,0,0,0
380633,Male,25,1,21.0,1,< 1 Year,No,26857.0,152.0,143,0,0,0,0
380634,Male,56,1,30.0,0,1-2 Year,Yes,40197.0,124.0,90,0,1,1,1
380635,Male,30,1,31.0,1,< 1 Year,No,2630.0,26.0,197,0,0,0,0
380636,Female,21,1,36.0,0,< 1 Year,Yes,34578.0,160.0,232,0,1,1,1
380637,Male,23,1,36.0,1,< 1 Year,No,34749.0,160.0,114,0,0,0,0
380638,Male,21,1,39.0,1,< 1 Year,No,2630.0,152.0,166,0,0,0,0
380639,Female,21,1,8.0,1,< 1 Year,No,27030.0,152.0,86,0,0,0,0
380640,Female,68,1,28.0,0,> 2 Years,Yes,2630.0,122.0,272,0,1,1,1
380641,Male,40,1,17.0,0,1-2 Year,Yes,31821.0,26.0,100,1,1,1,1
380642,Male,30,1,8.0,0,< 1 Year,Yes,2630.0,26.0,131,0,1,1,1
380643,Male,23,1,10.0,0,< 1 Year,Yes,2630.0,26.0,168,0,1,1,1
380644,Male,46,1,14.0,0,1-2 Year,Yes,2630.0,26.0,172,1,1,1,1
380645,Female,23,1,8.0,0,< 1 Year,Yes,41107.0,152.0,135,0,1,1,1
380646,Female,52,1,50.0,0,1-2 Year,Yes,43403.0,124.0,193,1,1,1,1
380647,Male,23,1,28.0,1,< 1 Year,No,49918.0,152.0,92,0,0,0,0
380648,Male,42,1,6.0,0,1-2 Year,Yes,29597.0,124.0,31,1,1,1,1
380649,Male,25,1,29.0,1,< 1 Year,No,49444.0,152.0,157,0,0,0,0
380650,Male,48,1,3.0,1,1-2 Year,No,34044.0,124.0,264,0,0,0,0
380651,Male,51,1,8.0,0,1-2 Year,Yes,30092.0,154.0,52,0,1,1,1
380652,Male,23,1,27.0,0,< 1 Year,Yes,28457.0,152.0,114,0,1,1,1
380653,Male,28,1,50.0,1,< 1 Year,No,39221.0,152.0,251,0,0,0,0
380654,Female,34,1,28.0,0,1-2 Year,Yes,2630.0,124.0,86,0,1,1,1
380655,Male,38,1,28.0,0,1-2 Year,Yes,56097.0,26.0,93,0,1,1,1
380656,Male,64,1,28.0,0,1-2 Year,Yes,68901.0,124.0,157,0,1,1,1
380657,Male,55,1,28.0,0,> 2 Years,Yes,59517.0,124.0,52,0,1,1,1
380658,Female,71,1,50.0,0,1-2 Year,Yes,42949.0,8.0,77,0,1,1,1
380659,Female,66,1,28.0,0,> 2 Years,Yes,2630.0,156.0,95,0,1,1,1
380660,Male,21,1,33.0,1,< 1 Year,No,39797.0,152.0,78,0,0,0,0
380661,Male,61,1,33.0,1,1-2 Year,No,31316.0,8.0,241,0,0,0,0
380662,Male,25,1,8.0,1,< 1 Year,No,43043.0,152.0,218,0,0,0,0
380663,Female,22,1,6.0,1,< 1 Year,No,2630.0,152.0,97,0,0,0,0
380664,Male,43,1,41.0,0,1-2 Year,Yes,24722.0,124.0,17,0,1,1,1
380665,Male,23,1,26.0,1,< 1 Year,No,25043.0,160.0,146,0,0,0,0
380666,Female,26,1,10.0,1,< 1 Year,No,23609.0,152.0,24,0,0,0,0
380667,Female,25,1,29.0,1,< 1 Year,No,36492.0,152.0,229,0,0,0,0
380668,Female,24,1,41.0,1,< 1 Year,No,32628.0,152.0,197,0,0,0,0
380669,Male,40,1,28.0,0,1-2 Year,No,41934.0,124.0,199,0,1,1,1
380670,Male,22,1,45.0,1,< 1 Year,No,33451.0,152.0,191,0,0,0,0
380671,Female,34,1,3.0,1,1-2 Year,No,36262.0,26.0,200,0,0,0,0
380672,Male,25,1,11.0,0,< 1 Year,Yes,35369.0,152.0,43,1,1,1,1
380673,Male,24,1,45.0,1,< 1 Year,No,43038.0,152.0,18,0,0,0,0
380674,Female,37,1,28.0,0,1-2 Year,Yes,2630.0,156.0,176,0,1,1,1
380675,Female,39,1,28.0,0,1-2 Year,Yes,47056.0,122.0,180,1,1,1,1
380676,Female,22,1,15.0,0,1-2 Year,Yes,25109.0,154.0,137,0,1,1,1
380677,Male,59,1,37.0,1,1-2 Year,Yes,2630.0,124.0,91,0,0,0,0
380678,Male,24,1,37.0,0,< 1 Year,No,24809.0,152.0,193,0,1,1,1
380679,Female,52,1,28.0,1,1-2 Year,No,51629.0,26.0,259,0,0,0,0
380680,Male,25,1,27.0,1,< 1 Year,No,23385.0,152.0,47,0,0,0,0
380681,Female,24,1,8.0,0,< 1 Year,Yes,37167.0,151.0,183,0,1,1,1
380682,Male,23,1,29.0,1,< 1 Year,No,27492.0,152.0,148,0,0,0,0
380683,Female,24,1,50.0,1,< 1 Year,No,34976.0,152.0,209,0,0,0,0
380684,Female,25,1,8.0,1,< 1 Year,No,29285.0,152.0,83,0,0,0,0
380685,Female,74,1,28.0,0,1-2 Year,Yes,43905.0,47.0,239,1,1,1,1
380686,Female,24,1,34.0,1,< 1 Year,No,31219.0,152.0,31,0,0,0,0
380687,Female,27,1,28.0,1,1-2 Year,No,30135.0,124.0,245,0,0,0,0
380688,Female,55,1,30.0,0,1-2 Year,Yes,26148.0,152.0,294,0,1,1,1
380689,Male,62,1,28.0,0,1-2 Year,Yes,31422.0,26.0,225,0,1,1,1
380690,Female,28,1,3.0,1,< 1 Year,No,33221.0,152.0,57,0,0,0,0
380691,Female,27,1,28.0,1,< 1 Year,No,39044.0,152.0,240,0,0,0,0
380692,Male,28,1,46.0,1,< 1 Year,No,20392.0,152.0,290,0,0,0,0
380693,Male,48,1,28.0,0,1-2 Year,Yes,43986.0,124.0,144,0,1,1,1
380694,Male,29,1,30.0,1,< 1 Year,No,21854.0,152.0,186,0,0,0,0
380695,Male,62,1,28.0,0,1-2 Year,Yes,34834.0,124.0,183,1,1,1,1
380696,Male,37,1,28.0,1,1-2 Year,No,42585.0,152.0,188,0,0,0,0
380697,Female,45,1,29.0,0,1-2 Year,No,39053.0,26.0,198,0,1,1,1
380698,Female,21,1,8.0,0,< 1 Year,Yes,37378.0,160.0,12,0,1,1,1
380699,Female,42,1,16.0,1,1-2 Year,No,2630.0,152.0,252,0,0,0,0
380700,Female,65,1,1.0,1,1-2 Year,No,2630.0,26.0,195,0,0,0,0
380701,Female,24,1,9.0,0,< 1 Year,Yes,31422.0,152.0,295,0,1,1,1
380702,Female,22,1,8.0,0,< 1 Year,Yes,34681.0,152.0,109,0,1,1,1
380703,Female,45,1,8.0,0,1-2 Year,Yes,27645.0,124.0,141,0,1,1,1
380704,Female,44,1,46.0,1,1-2 Year,No,26248.0,26.0,29,0,0,0,0
380705,Male,22,1,29.0,1,< 1 Year,No,26172.0,152.0,54,0,0,0,0
380706,Male,43,1,28.0,0,1-2 Year,Yes,29431.0,47.0,30,0,1,1,1
380707,Female,24,1,28.0,0,< 1 Year,Yes,2630.0,26.0,122,0,1,1,1
380708,Male,76,1,28.0,0,1-2 Year,Yes,44788.0,26.0,184,1,1,1,1
380709,Female,22,1,33.0,1,< 1 Year,No,20939.0,152.0,242,0,0,0,0
380710,Male,42,1,28.0,0,> 2 Years,Yes,49349.0,124.0,18,1,1,1,1
380711,Male,24,1,17.0,1,< 1 Year,No,54459.0,152.0,167,0,0,0,0
380712,Male,43,1,28.0,0,1-2 Year,Yes,43735.0,124.0,41,0,1,1,1
380713,Female,24,1,47.0,1,< 1 Year,No,32869.0,152.0,268,0,0,0,0
380714,Female,44,1,40.0,0,1-2 Year,Yes,43928.0,26.0,19,1,1,1,1
380715,Female,25,1,27.0,1,< 1 Year,No,39097.0,152.0,257,0,0,0,0
380716,Male,38,1,28.0,0,1-2 Year,Yes,21062.0,122.0,296,0,1,1,1
380717,Male,38,1,30.0,0,1-2 Year,No,37648.0,24.0,65,0,1,1,1
380718,Female,23,1,30.0,0,< 1 Year,Yes,31331.0,152.0,112,0,1,1,1
380719,Female,35,1,30.0,1,1-2 Year,No,2630.0,124.0,187,0,0,0,0
380720,Female,21,1,46.0,1,< 1 Year,No,40122.0,152.0,212,0,0,0,0
380721,Male,39,1,15.0,0,1-2 Year,Yes,2630.0,124.0,26,0,1,1,1
380722,Male,23,1,8.0,1,< 1 Year,No,35926.0,152.0,76,0,0,0,0
380723,Male,58,1,28.0,0,1-2 Year,Yes,39797.0,26.0,105,1,1,1,1
380724,Female,20,1,47.0,0,< 1 Year,Yes,49328.0,160.0,218,0,1,1,1
380725,Female,23,1,29.0,1,< 1 Year,No,31677.0,152.0,246,0,0,0,0
380726,Male,27,1,28.0,1,< 1 Year,No,30608.0,152.0,29,0,0,0,0
380727,Male,22,1,15.0,1,< 1 Year,No,28531.0,152.0,264,0,0,0,0
380728,Male,37,1,7.0,0,1-2 Year,Yes,30043.0,154.0,232,0,1,1,1
380729,Male,24,1,28.0,0,< 1 Year,Yes,2630.0,124.0,253,0,1,1,1
380730,Female,23,1,15.0,1,< 1 Year,No,20034.0,152.0,167,0,0,0,0
380731,Female,27,1,50.0,1,< 1 Year,No,49751.0,152.0,172,0,0,0,0
380732,Female,47,1,41.0,0,1-2 Year,Yes,33395.0,124.0,168,1,1,1,1
380733,Male,67,1,26.0,0,1-2 Year,Yes,22883.0,120.0,278,0,1,1,1
380734,Female,51,1,28.0,0,1-2 Year,Yes,69184.0,124.0,220,1,1,1,1
380735,Male,60,1,28.0,0,> 2 Years,Yes,53249.0,26.0,103,1,1,1,1
380736,Female,22,1,46.0,1,< 1 Year,Yes,26180.0,152.0,236,0,0,0,0
380737,Female,43,1,8.0,1,1-2 Year,No,49327.0,124.0,96,0,0,0,0
380738,Male,40,1,28.0,0,1-2 Year,Yes,25809.0,124.0,144,0,1,1,1
380739,Female,43,1,8.0,0,1-2 Year,Yes,43566.0,157.0,45,1,1,1,1
380740,Male,36,1,15.0,0,1-2 Year,Yes,39351.0,124.0,107,1,1,1,1
380741,Male,32,1,28.0,0,1-2 Year,Yes,49132.0,26.0,210,1,1,1,1
380742,Male,31,1,28.0,0,1-2 Year,Yes,32882.0,156.0,31,0,1,1,1
380743,Female,22,1,35.0,1,< 1 Year,Yes,2630.0,160.0,124,0,0,0,0
380744,Male,50,1,3.0,0,1-2 Year,Yes,27555.0,26.0,181,0,1,1,1
380745,Female,26,1,50.0,1,< 1 Year,No,36135.0,152.0,81,0,0,0,0
380746,Female,22,1,33.0,1,< 1 Year,No,48072.0,152.0,237,0,0,0,0
380747,Male,51,1,41.0,1,1-2 Year,No,2630.0,124.0,43,0,0,0,0
380748,Female,33,1,6.0,0,< 1 Year,Yes,33010.0,157.0,293,1,1,1,1
380749,Female,38,1,4.0,1,1-2 Year,No,38951.0,152.0,34,0,0,0,0
380750,Male,54,1,48.0,0,1-2 Year,Yes,2630.0,124.0,259,0,1,1,1
380751,Male,60,1,28.0,1,1-2 Year,No,38427.0,26.0,28,0,0,0,0
380752,Female,67,1,31.0,0,1-2 Year,Yes,2630.0,124.0,254,0,1,1,1
380753,Female,24,1,12.0,1,< 1 Year,No,56919.0,152.0,16,0,0,0,0
380754,Male,39,1,8.0,0,1-2 Year,Yes,26866.0,124.0,30,0,1,1,1
380755,Male,25,1,29.0,1,< 1 Year,No,48164.0,152.0,46,0,0,0,0
380756,Male,34,1,28.0,1,1-2 Year,Yes,47561.0,26.0,132,0,0,0,0
380757,Male,23,1,18.0,1,< 1 Year,No,25915.0,152.0,195,0,0,0,0
380758,Male,25,1,10.0,0,< 1 Year,Yes,27567.0,152.0,273,0,1,1,1
380759,Male,21,1,47.0,1,< 1 Year,No,20450.0,152.0,103,0,0,0,0
380760,Male,55,1,3.0,0,1-2 Year,Yes,2630.0,157.0,185,1,1,1,1
380761,Female,31,1,28.0,1,1-2 Year,No,34871.0,26.0,69,0,0,0,0
380762,Female,23,1,41.0,1,< 1 Year,No,65413.0,152.0,228,0,0,0,0
380763,Female,39,1,40.0,0,1-2 Year,Yes,2630.0,26.0,244,0,1,1,1
380764,Male,76,1,21.0,0,1-2 Year,Yes,35176.0,26.0,287,0,1,1,1
380765,Female,64,1,33.0,1,1-2 Year,No,34929.0,124.0,285,0,0,0,0
380766,Female,62,1,28.0,0,1-2 Year,Yes,2630.0,157.0,198,0,1,1,1
380767,Female,25,1,45.0,1,< 1 Year,No,30563.0,152.0,123,0,0,0,0
380768,Female,39,1,36.0,0,1-2 Year,Yes,32495.0,124.0,243,0,1,1,1
380769,Female,39,1,45.0,1,1-2 Year,No,29837.0,108.0,16,0,0,0,0
380770,Male,28,1,46.0,0,< 1 Year,No,36874.0,152.0,127,0,1,1,1
380771,Male,48,1,15.0,1,1-2 Year,No,40250.0,124.0,18,0,0,0,0
380772,Female,22,1,37.0,1,< 1 Year,No,48426.0,152.0,180,0,0,0,0
380773,Male,51,1,28.0,0,1-2 Year,Yes,32265.0,25.0,134,0,1,1,1
380774,Male,27,1,33.0,0,< 1 Year,Yes,28305.0,152.0,142,1,1,1,1
380775,Female,43,1,28.0,0,1-2 Year,Yes,45093.0,124.0,191,0,1,1,1
380776,Female,21,1,44.0,1,< 1 Year,No,25462.0,152.0,225,0,0,0,0
380777,Female,42,1,41.0,0,1-2 Year,Yes,25481.0,124.0,80,1,1,1,1
380778,Male,45,1,46.0,0,1-2 Year,Yes,27415.0,156.0,140,1,1,1,1
380779,Male,39,1,36.0,0,1-2 Year,Yes,33367.0,154.0,35,1,1,1,1
380780,Male,40,1,28.0,1,1-2 Year,No,44480.0,125.0,63,0,0,0,0
380781,Female,25,1,33.0,1,< 1 Year,No,25713.0,152.0,265,0,0,0,0
380782,Female,24,1,28.0,1,< 1 Year,No,29270.0,152.0,271,0,0,0,0
380783,Female,68,1,28.0,1,1-2 Year,Yes,47985.0,124.0,79,0,0,0,0
380784,Male,65,1,35.0,1,1-2 Year,No,28445.0,26.0,262,0,0,0,0
380785,Male,67,1,41.0,0,1-2 Year,Yes,48729.0,26.0,179,1,1,1,1
380786,Male,54,1,41.0,0,1-2 Year,Yes,2630.0,156.0,67,1,1,1,1
380787,Male,62,1,28.0,0,> 2 Years,Yes,2630.0,26.0,26,0,1,1,1
380788,Male,23,1,28.0,1,< 1 Year,No,52222.0,152.0,290,0,0,0,0
380789,Female,40,1,28.0,0,> 2 Years,Yes,39739.0,53.0,153,0,1,1,1
380790,Male,60,1,28.0,0,1-2 Year,Yes,36286.0,124.0,278,0,1,1,1
380791,Male,62,1,13.0,1,1-2 Year,No,2630.0,26.0,208,0,0,0,0
380792,Female,75,1,8.0,0,> 2 Years,Yes,25341.0,26.0,88,1,1,1,1
380793,Female,41,1,28.0,0,1-2 Year,Yes,37187.0,124.0,105,1,1,1,1
380794,Male,75,1,28.0,1,1-2 Year,No,35136.0,120.0,192,0,0,0,0
380795,Female,20,1,47.0,0,< 1 Year,Yes,23823.0,160.0,142,0,1,1,1
380796,Male,53,1,8.0,0,1-2 Year,Yes,37653.0,26.0,232,0,1,1,1
380797,Male,28,1,36.0,1,< 1 Year,No,35783.0,151.0,240,0,0,0,0
380798,Male,20,1,46.0,0,< 1 Year,Yes,48366.0,160.0,199,0,1,1,1
380799,Male,22,1,32.0,0,< 1 Year,Yes,35920.0,152.0,106,0,1,1,1
380800,Male,21,1,37.0,0,< 1 Year,Yes,39449.0,160.0,11,0,1,1,1
380801,Female,23,1,50.0,1,< 1 Year,No,31581.0,152.0,66,0,0,0,0
380802,Male,41,1,30.0,1,1-2 Year,No,28171.0,26.0,32,0,0,0,0
380803,Female,29,1,15.0,0,< 1 Year,Yes,44010.0,152.0,54,0,1,1,1
380804,Male,24,1,36.0,0,< 1 Year,Yes,39320.0,152.0,254,0,1,1,1
380805,Female,27,1,39.0,1,< 1 Year,No,2630.0,160.0,120,0,0,0,0
380806,Male,44,1,41.0,0,1-2 Year,Yes,34422.0,12.0,23,0,1,1,1
380807,Female,64,1,28.0,0,1-2 Year,Yes,49076.0,124.0,42,0,1,1,1
380808,Female,46,1,27.0,0,1-2 Year,Yes,34480.0,154.0,82,1,1,1,1
380809,Male,45,1,28.0,0,1-2 Year,Yes,37994.0,26.0,99,0,1,1,1
380810,Female,21,1,2.0,0,< 1 Year,Yes,29589.0,160.0,240,0,1,1,1
380811,Male,21,1,3.0,0,< 1 Year,Yes,29977.0,160.0,72,0,1,1,1
380812,Male,44,1,8.0,0,1-2 Year,Yes,51608.0,124.0,276,0,1,1,1
380813,Male,30,1,28.0,0,< 1 Year,Yes,2630.0,154.0,280,1,1,1,1
380814,Female,77,1,15.0,0,1-2 Year,Yes,39410.0,122.0,179,0,1,1,1
380815,Male,21,1,9.0,0,< 1 Year,Yes,44013.0,152.0,234,0,1,1,1
380816,Female,32,1,28.0,1,< 1 Year,No,91305.0,152.0,183,0,0,0,0
380817,Female,25,1,33.0,1,< 1 Year,No,35358.0,152.0,287,0,0,0,0
380818,Female,35,1,8.0,1,1-2 Year,No,41240.0,124.0,256,0,0,0,0
380819,Male,26,1,30.0,1,< 1 Year,No,26196.0,152.0,189,0,0,0,0
380820,Male,40,1,28.0,0,1-2 Year,Yes,23565.0,26.0,221,0,1,1,1
380821,Male,24,1,6.0,1,< 1 Year,No,26544.0,152.0,188,0,0,0,0
380822,Male,23,1,13.0,1,< 1 Year,No,19877.0,26.0,209,0,0,0,0
380823,Female,39,1,28.0,0,1-2 Year,Yes,35461.0,124.0,26,1,1,1,1
380824,Female,25,1,32.0,1,< 1 Year,No,23052.0,152.0,50,0,0,0,0
380825,Female,22,1,46.0,0,< 1 Year,Yes,30070.0,152.0,231,0,1,1,1
380826,Male,47,1,28.0,0,1-2 Year,Yes,43545.0,26.0,282,0,1,1,1
380827,Female,25,1,36.0,1,< 1 Year,No,37218.0,152.0,276,0,0,0,0
380828,Male,61,1,7.0,0,1-2 Year,Yes,45622.0,124.0,252,1,1,1,1
380829,Male,45,1,45.0,0,1-2 Year,Yes,2630.0,124.0,33,1,1,1,1
380830,Male,23,1,28.0,1,< 1 Year,Yes,36042.0,158.0,119,0,0,0,0
380831,Male,41,1,28.0,0,1-2 Year,Yes,52874.0,26.0,233,0,1,1,1
380832,Male,41,1,6.0,1,1-2 Year,No,2630.0,156.0,49,0,0,0,0
380833,Female,22,1,46.0,1,< 1 Year,No,27414.0,152.0,241,0,0,0,0
380834,Male,38,1,13.0,0,1-2 Year,Yes,35256.0,124.0,225,0,1,1,1
380835,Male,75,1,8.0,0,> 2 Years,Yes,2630.0,157.0,240,1,1,1,1
380836,Male,50,1,28.0,0,1-2 Year,Yes,33327.0,26.0,131,0,1,1,1
380837,Male,44,1,41.0,0,1-2 Year,Yes,2630.0,124.0,45,1,1,1,1
380838,Female,45,1,28.0,0,1-2 Year,Yes,24817.0,124.0,219,0,1,1,1
380839,Female,41,1,7.0,0,1-2 Year,Yes,2630.0,124.0,61,0,1,1,1
380840,Female,28,1,13.0,1,< 1 Year,No,36209.0,152.0,243,0,0,0,0
380841,Female,40,1,28.0,0,1-2 Year,Yes,34103.0,124.0,101,0,1,1,1
380842,Female,57,1,28.0,0,1-2 Year,Yes,38331.0,124.0,138,0,1,1,1
380843,Male,42,1,28.0,1,1-2 Year,No,43076.0,156.0,12,0,0,0,0
380844,Male,24,1,2.0,1,< 1 Year,No,23426.0,152.0,278,0,0,0,0
380845,Female,51,1,23.0,0,1-2 Year,Yes,2630.0,26.0,194,0,1,1,1
380846,Male,47,1,28.0,0,1-2 Year,Yes,29603.0,26.0,55,0,1,1,1
380847,Female,55,1,28.0,0,1-2 Year,Yes,33060.0,55.0,106,0,1,1,1
380848,Male,28,1,31.0,0,< 1 Year,No,2630.0,152.0,266,0,1,1,1
380849,Male,59,1,28.0,1,1-2 Year,No,36342.0,124.0,172,0,0,0,0
380850,Male,22,1,50.0,1,< 1 Year,No,38208.0,152.0,58,0,0,0,0
380851,Male,38,1,29.0,0,1-2 Year,Yes,27275.0,154.0,131,0,1,1,1
380852,Male,57,1,3.0,0,1-2 Year,Yes,23358.0,124.0,72,0,1,1,1
380853,Female,24,1,8.0,1,< 1 Year,No,39640.0,152.0,101,0,0,0,0
380854,Female,45,1,28.0,1,1-2 Year,No,34889.0,124.0,211,0,0,0,0
380855,Male,24,1,41.0,1,< 1 Year,No,33130.0,152.0,216,0,0,0,0
380856,Female,24,1,9.0,1,1-2 Year,No,32905.0,163.0,55,0,0,0,0
380857,Female,33,1,28.0,0,1-2 Year,Yes,2630.0,158.0,206,0,1,1,1
380858,Male,42,1,39.0,1,1-2 Year,No,2630.0,26.0,90,0,0,0,0
380859,Female,21,1,46.0,1,< 1 Year,No,40710.0,160.0,95,0,0,0,0
380860,Female,27,1,12.0,1,< 1 Year,No,41709.0,152.0,12,0,0,0,0
380861,Female,64,1,28.0,0,1-2 Year,Yes,71661.0,26.0,29,0,1,1,1
380862,Male,25,1,11.0,1,1-2 Year,No,33965.0,154.0,121,0,0,0,0
380863,Male,45,1,8.0,0,1-2 Year,Yes,35082.0,124.0,232,1,1,1,1
380864,Male,71,1,28.0,0,> 2 Years,Yes,45176.0,26.0,16,1,1,1,1
380865,Male,53,1,8.0,0,1-2 Year,No,37839.0,124.0,253,0,1,1,1
380866,Female,34,1,3.0,1,1-2 Year,No,23790.0,7.0,252,0,0,0,0
380867,Female,43,1,27.0,0,1-2 Year,Yes,26127.0,124.0,281,0,1,1,1
380868,Male,44,1,28.0,0,1-2 Year,Yes,21930.0,122.0,15,0,1,1,1
380869,Male,51,1,8.0,0,> 2 Years,Yes,41351.0,124.0,214,1,1,1,1
380870,Female,31,1,41.0,0,< 1 Year,Yes,26028.0,124.0,43,1,1,1,1
380871,Male,61,1,28.0,1,1-2 Year,No,46006.0,120.0,211,0,0,0,0
380872,Female,35,1,29.0,0,1-2 Year,Yes,30874.0,26.0,202,0,1,1,1
380873,Female,38,1,41.0,1,1-2 Year,No,20190.0,124.0,11,0,0,0,0
380874,Female,25,1,7.0,0,< 1 Year,Yes,36115.0,152.0,72,0,1,1,1
380875,Male,46,1,28.0,1,1-2 Year,No,47411.0,26.0,77,0,0,0,0
380876,Male,44,1,28.0,1,1-2 Year,No,32351.0,26.0,56,0,0,0,0
380877,Male,20,1,24.0,1,< 1 Year,No,2630.0,160.0,99,0,0,0,0
380878,Male,23,1,6.0,1,< 1 Year,No,18692.0,152.0,208,0,0,0,0
380879,Female,46,1,46.0,0,1-2 Year,Yes,29058.0,26.0,102,0,1,1,1
380880,Female,49,1,28.0,0,1-2 Year,Yes,23448.0,26.0,100,0,1,1,1
380881,Male,24,1,21.0,1,< 1 Year,No,2630.0,152.0,192,0,0,0,0
380882,Female,67,1,45.0,0,1-2 Year,Yes,31282.0,26.0,136,0,1,1,1
380883,Male,51,1,46.0,1,1-2 Year,No,27124.0,11.0,243,0,0,0,0
380884,Male,22,1,28.0,0,< 1 Year,Yes,35894.0,160.0,162,0,1,1,1
380885,Male,72,1,28.0,0,1-2 Year,Yes,44208.0,26.0,51,0,1,1,1
380886,Male,23,1,32.0,1,< 1 Year,No,33733.0,152.0,283,0,0,0,0
380887,Female,25,1,11.0,1,< 1 Year,No,33238.0,152.0,19,0,0,0,0
380888,Male,46,1,46.0,0,< 1 Year,Yes,37431.0,26.0,235,1,1,1,1
380889,Female,61,1,28.0,1,1-2 Year,No,37060.0,124.0,85,0,0,0,0
380890,Male,21,1,8.0,1,< 1 Year,No,34558.0,160.0,297,0,0,0,0
380891,Male,54,1,33.0,1,1-2 Year,No,32430.0,26.0,245,0,0,0,0
380892,Female,43,1,7.0,0,1-2 Year,Yes,2630.0,26.0,205,0,1,1,1
380893,Female,32,1,36.0,1,< 1 Year,No,38399.0,152.0,42,0,0,0,0
380894,Male,26,1,15.0,1,< 1 Year,No,30150.0,152.0,170,0,0,0,0
380895,Female,21,1,31.0,1,< 1 Year,No,2630.0,160.0,282,0,0,0,0
380896,Male,33,1,29.0,0,< 1 Year,Yes,41552.0,124.0,296,0,1,1,1
380897,Male,28,1,45.0,0,1-2 Year,Yes,23876.0,124.0,231,1,1,1,1
380898,Female,43,1,19.0,0,1-2 Year,No,32082.0,26.0,158,0,1,1,1
380899,Male,44,1,8.0,0,1-2 Year,Yes,24251.0,124.0,94,1,1,1,1
380900,Female,24,1,8.0,0,< 1 Year,No,53481.0,152.0,43,0,1,1,1
380901,Male,23,1,25.0,0,< 1 Year,Yes,35785.0,160.0,121,0,1,1,1
380902,Female,49,1,45.0,0,1-2 Year,Yes,29731.0,122.0,297,0,1,1,1
380903,Male,31,1,21.0,1,< 1 Year,No,18317.0,152.0,51,0,0,0,0
380904,Male,34,1,28.0,1,1-2 Year,No,44331.0,26.0,189,0,0,0,0
380905,Male,69,1,46.0,1,1-2 Year,No,22812.0,26.0,229,0,0,0,0
380906,Female,21,1,11.0,0,< 1 Year,Yes,17005.0,160.0,15,0,1,1,1
380907,Female,73,1,28.0,1,1-2 Year,No,44055.0,26.0,58,0,0,0,0
380908,Female,22,1,22.0,0,< 1 Year,Yes,38378.0,152.0,49,0,1,1,1
380909,Male,43,1,8.0,0,1-2 Year,Yes,32539.0,124.0,208,1,1,1,1
380910,Male,52,1,29.0,0,1-2 Year,Yes,22367.0,26.0,40,1,1,1,1
380911,Male,23,1,41.0,1,< 1 Year,No,41931.0,152.0,228,0,0,0,0
380912,Female,26,1,26.0,0,< 1 Year,Yes,33636.0,163.0,185,0,1,1,1
380913,Female,47,1,8.0,0,1-2 Year,Yes,28532.0,8.0,261,0,1,1,1
380914,Female,26,1,30.0,1,< 1 Year,No,34351.0,152.0,47,0,0,0,0
380915,Male,23,1,11.0,1,< 1 Year,No,2630.0,152.0,145,0,0,0,0
380916,Female,21,1,43.0,1,< 1 Year,No,49513.0,160.0,54,0,0,0,0
380917,Male,21,1,15.0,0,< 1 Year,No,23512.0,152.0,201,0,1,1,1
380918,Male,68,0,31.0,0,1-2 Year,Yes,2630.0,98.0,272,0,1,1,1
380919,Male,48,1,46.0,1,1-2 Year,Yes,23914.0,26.0,195,0,0,0,0
380920,Male,48,1,28.0,0,1-2 Year,Yes,57137.0,124.0,293,1,1,1,1
380921,Male,44,1,50.0,0,1-2 Year,Yes,25045.0,124.0,200,0,1,1,1
380922,Male,23,1,46.0,1,< 1 Year,No,36276.0,152.0,201,0,0,0,0
380923,Male,24,1,30.0,1,< 1 Year,No,2630.0,152.0,218,0,0,0,0
380924,Female,44,1,11.0,1,1-2 Year,No,34829.0,124.0,198,0,0,0,0
380925,Male,57,1,46.0,0,1-2 Year,Yes,2630.0,124.0,265,0,1,1,1
380926,Male,74,1,28.0,1,1-2 Year,No,33009.0,26.0,207,0,0,0,0
380927,Male,22,1,8.0,0,< 1 Year,Yes,37390.0,152.0,68,0,1,1,1
380928,Female,25,1,8.0,1,< 1 Year,No,22989.0,152.0,89,0,0,0,0
380929,Male,74,1,28.0,0,> 2 Years,Yes,32885.0,61.0,291,0,1,1,1
380930,Male,25,1,36.0,0,< 1 Year,Yes,28976.0,124.0,274,0,1,1,1
380931,Female,29,1,41.0,1,< 1 Year,No,20404.0,152.0,225,0,0,0,0
380932,Female,26,1,30.0,1,< 1 Year,No,45476.0,152.0,90,0,0,0,0
380933,Female,23,1,46.0,1,< 1 Year,No,20455.0,152.0,149,0,0,0,0
380934,Female,77,1,3.0,1,1-2 Year,No,34135.0,26.0,114,0,0,0,0
380935,Female,47,1,28.0,0,1-2 Year,Yes,55826.0,26.0,17,1,1,1,1
380936,Male,60,1,24.0,0,1-2 Year,Yes,35996.0,26.0,259,0,1,1,1
380937,Male,53,1,41.0,0,1-2 Year,Yes,41649.0,26.0,227,0,1,1,1
380938,Male,50,1,11.0,0,1-2 Year,Yes,42856.0,26.0,148,0,1,1,1
380939,Male,24,1,46.0,1,< 1 Year,No,36767.0,152.0,228,0,0,0,0
380940,Male,47,1,28.0,0,1-2 Year,No,40833.0,124.0,295,0,1,1,1
380941,Female,28,1,28.0,0,< 1 Year,Yes,61419.0,122.0,90,0,1,1,1
380942,Male,60,1,8.0,1,1-2 Year,Yes,2630.0,30.0,186,0,0,0,0
380943,Female,32,1,28.0,0,< 1 Year,Yes,28909.0,124.0,38,0,1,1,1
380944,Male,49,1,33.0,0,1-2 Year,Yes,2630.0,124.0,78,0,1,1,1
380945,Female,22,1,15.0,1,< 1 Year,Yes,22344.0,152.0,190,0,0,0,0
380946,Male,23,1,32.0,0,< 1 Year,Yes,25567.0,152.0,284,1,1,1,1
380947,Female,69,1,45.0,1,1-2 Year,No,2630.0,26.0,91,0,0,0,0
380948,Female,54,1,23.0,0,1-2 Year,Yes,34353.0,26.0,119,1,1,1,1
380949,Female,25,1,8.0,1,< 1 Year,No,31127.0,152.0,244,0,0,0,0
380950,Female,50,1,28.0,0,1-2 Year,Yes,2630.0,156.0,156,0,1,1,1
380951,Male,79,1,8.0,0,1-2 Year,Yes,54437.0,7.0,48,0,1,1,1
380952,Female,40,1,6.0,1,1-2 Year,No,41095.0,26.0,157,0,0,0,0
380953,Female,45,1,28.0,1,1-2 Year,No,46207.0,26.0,257,0,0,0,0
380954,Male,62,1,2.0,1,1-2 Year,No,34107.0,124.0,295,0,0,0,0
380955,Male,55,1,33.0,0,1-2 Year,Yes,22604.0,124.0,165,1,1,1,1
380956,Male,48,1,41.0,0,1-2 Year,Yes,28951.0,124.0,105,1,1,1,1
380957,Female,25,1,35.0,0,< 1 Year,Yes,2630.0,152.0,110,0,1,1,1
380958,Male,36,1,8.0,0,1-2 Year,Yes,34745.0,26.0,171,0,1,1,1
380959,Male,55,1,8.0,1,1-2 Year,No,2630.0,7.0,47,0,0,0,0
380960,Male,25,1,8.0,1,< 1 Year,No,61909.0,152.0,161,0,0,0,0
380961,Female,24,1,14.0,0,< 1 Year,Yes,13345.0,152.0,172,0,1,1,1
380962,Female,43,1,28.0,0,1-2 Year,Yes,37937.0,122.0,28,0,1,1,1
380963,Female,77,1,28.0,0,1-2 Year,Yes,21626.0,124.0,175,1,1,1,1
380964,Male,69,1,28.0,1,1-2 Year,Yes,2630.0,30.0,55,0,0,0,0
380965,Female,36,1,29.0,1,1-2 Year,No,37962.0,124.0,200,0,0,0,0
380966,Male,44,1,28.0,0,1-2 Year,Yes,36504.0,124.0,18,0,1,1,1
380967,Male,52,1,28.0,0,> 2 Years,Yes,52740.0,124.0,271,1,1,1,1
380968,Female,25,1,41.0,1,< 1 Year,No,29611.0,152.0,271,0,0,0,0
380969,Male,24,1,36.0,0,< 1 Year,Yes,2630.0,152.0,82,0,1,1,1
380970,Male,50,1,8.0,0,1-2 Year,Yes,43214.0,7.0,48,1,1,1,1
380971,Male,70,1,11.0,1,1-2 Year,No,2630.0,124.0,292,0,0,0,0
380972,Male,22,1,7.0,1,< 1 Year,No,38222.0,152.0,17,0,0,0,0
380973,Male,48,1,32.0,0,1-2 Year,Yes,2630.0,163.0,44,0,1,1,1
380974,Male,48,1,41.0,0,1-2 Year,Yes,37258.0,124.0,195,0,1,1,1
380975,Male,22,1,28.0,1,< 1 Year,No,29409.0,152.0,56,0,0,0,0
380976,Female,46,1,50.0,1,1-2 Year,No,38501.0,18.0,92,0,0,0,0
380977,Female,53,1,28.0,1,1-2 Year,No,57013.0,26.0,193,0,0,0,0
380978,Male,36,1,12.0,0,1-2 Year,Yes,30703.0,122.0,32,0,1,1,1
380979,Female,30,1,28.0,1,< 1 Year,No,52469.0,152.0,131,0,0,0,0
380980,Female,41,1,38.0,0,1-2 Year,Yes,27457.0,124.0,155,0,1,1,1
380981,Female,51,1,33.0,0,1-2 Year,Yes,30610.0,26.0,281,0,1,1,1
380982,Female,49,1,28.0,0,1-2 Year,Yes,60526.0,24.0,222,0,1,1,1
380983,Female,25,1,45.0,1,< 1 Year,No,20706.0,152.0,135,0,0,0,0
380984,Female,42,1,28.0,1,1-2 Year,No,23553.0,124.0,275,0,0,0,0
380985,Female,70,1,28.0,0,> 2 Years,Yes,25685.0,23.0,292,0,1,1,1
380986,Female,35,1,23.0,1,1-2 Year,No,35828.0,26.0,125,0,0,0,0
380987,Female,22,1,37.0,0,< 1 Year,Yes,29981.0,152.0,177,0,1,1,1
380988,Male,28,1,47.0,0,1-2 Year,Yes,24961.0,154.0,164,1,1,1,1
380989,Female,28,1,45.0,0,< 1 Year,No,29769.0,152.0,279,0,1,1,1
380990,Male,22,1,41.0,0,< 1 Year,Yes,38466.0,152.0,43,0,1,1,1
380991,Male,53,1,47.0,0,1-2 Year,Yes,38392.0,124.0,82,0,1,1,1
380992,Male,74,1,8.0,0,1-2 Year,Yes,32908.0,26.0,160,0,1,1,1
380993,Male,76,1,43.0,0,1-2 Year,Yes,27309.0,124.0,17,0,1,1,1
380994,Male,63,1,28.0,0,> 2 Years,Yes,2630.0,124.0,61,0,1,1,1
380995,Male,46,1,28.0,0,1-2 Year,Yes,24758.0,26.0,139,0,1,1,1
380996,Male,46,1,28.0,0,1-2 Year,Yes,51660.0,124.0,227,0,1,1,1
380997,Female,28,1,50.0,1,< 1 Year,No,26431.0,152.0,43,0,0,0,0
380998,Female,34,1,41.0,0,1-2 Year,Yes,2630.0,124.0,208,1,1,1,1
380999,Female,33,1,8.0,0,1-2 Year,Yes,101664.0,124.0,21,0,1,1,1
381000,Male,68,1,28.0,1,1-2 Year,No,53066.0,12.0,195,0,0,0,0
381001,Male,78,1,8.0,0,1-2 Year,Yes,28301.0,124.0,195,0,1,1,1
381002,Male,22,1,28.0,1,< 1 Year,No,2630.0,153.0,170,0,0,0,0
381003,Female,20,1,28.0,0,1-2 Year,Yes,38627.0,124.0,62,0,1,1,1
381004,Female,44,1,28.0,1,1-2 Year,No,24984.0,152.0,255,0,0,0,0
381005,Male,29,1,35.0,1,< 1 Year,No,2630.0,152.0,109,0,0,0,0
381006,Female,44,1,28.0,0,1-2 Year,Yes,40435.0,26.0,246,0,1,1,1
381007,Male,55,1,28.0,0,1-2 Year,Yes,2630.0,156.0,174,0,1,1,1
381008,Female,24,1,28.0,1,< 1 Year,No,36371.0,152.0,74,0,0,0,0
381009,Female,22,1,28.0,0,1-2 Year,Yes,49611.0,154.0,138,0,1,1,1
381010,Male,27,1,28.0,0,< 1 Year,Yes,52067.0,152.0,283,0,1,1,1
381011,Female,60,1,38.0,1,< 1 Year,Yes,2630.0,1.0,46,0,0,0,0
381012,Female,34,1,28.0,0,1-2 Year,Yes,34973.0,154.0,143,0,1,1,1
381013,Female,31,1,28.0,0,< 1 Year,Yes,39877.0,26.0,124,0,1,1,1
381014,Female,54,1,30.0,0,1-2 Year,Yes,26815.0,124.0,184,0,1,1,1
381015,Female,21,1,46.0,1,< 1 Year,No,61335.0,152.0,250,0,0,0,0
381016,Female,23,1,46.0,1,< 1 Year,No,19460.0,152.0,104,0,0,0,0
381017,Male,71,1,28.0,1,1-2 Year,No,47653.0,122.0,85,0,0,0,0
381018,Male,55,1,13.0,0,> 2 Years,Yes,29850.0,157.0,133,0,1,1,1
381019,Female,49,1,43.0,0,1-2 Year,Yes,39618.0,124.0,215,0,1,1,1
381020,Male,61,1,28.0,0,1-2 Year,Yes,22661.0,26.0,217,0,1,1,1
381021,Female,43,1,29.0,0,1-2 Year,Yes,28863.0,124.0,167,0,1,1,1
381022,Male,80,1,28.0,1,1-2 Year,No,35974.0,111.0,148,0,0,0,0
381023,Female,25,1,50.0,1,< 1 Year,No,2630.0,160.0,161,0,0,0,0
381024,Male,24,1,10.0,0,< 1 Year,Yes,29297.0,152.0,38,0,1,1,1
381025,Female,35,1,30.0,1,1-2 Year,No,29439.0,152.0,225,0,0,0,0
381026,Female,34,1,49.0,0,1-2 Year,Yes,2630.0,156.0,70,0,1,1,1
381027,Male,36,1,34.0,0,1-2 Year,Yes,31408.0,124.0,32,1,1,1,1
381028,Female,22,1,2.0,1,< 1 Year,No,32039.0,152.0,293,0,0,0,0
381029,Male,25,1,25.0,0,< 1 Year,Yes,21624.0,152.0,207,0,1,1,1
381030,Female,36,1,28.0,0,1-2 Year,Yes,53840.0,152.0,242,1,1,1,1
381031,Female,43,1,11.0,1,1-2 Year,No,31262.0,26.0,255,0,0,0,0
381032,Female,49,1,28.0,0,> 2 Years,Yes,33891.0,4.0,98,1,1,1,1
381033,Male,45,1,8.0,0,1-2 Year,Yes,59035.0,7.0,204,0,1,1,1
381034,Male,44,1,15.0,1,1-2 Year,No,38161.0,26.0,27,0,0,0,0
381035,Male,55,1,40.0,1,1-2 Year,No,27843.0,26.0,296,0,0,0,0
381036,Female,22,1,11.0,1,< 1 Year,No,62889.0,152.0,295,0,0,0,0
381037,Female,21,1,17.0,0,< 1 Year,Yes,47778.0,152.0,291,0,1,1,1
381038,Female,50,1,47.0,0,1-2 Year,Yes,25808.0,124.0,282,0,1,1,1
381039,Female,26,1,21.0,1,< 1 Year,No,26798.0,152.0,280,0,0,0,0
381040,Female,75,1,28.0,0,> 2 Years,Yes,60958.0,26.0,256,0,1,1,1
381041,Female,41,1,28.0,0,1-2 Year,Yes,38534.0,122.0,145,0,1,1,1
381042,Female,21,1,24.0,0,< 1 Year,No,34567.0,152.0,260,0,1,1,1
381043,Female,64,1,28.0,0,1-2 Year,Yes,33563.0,122.0,73,0,1,1,1
381044,Male,47,1,28.0,1,1-2 Year,Yes,32039.0,124.0,117,0,0,0,0
381045,Female,29,1,41.0,1,< 1 Year,No,31309.0,152.0,176,0,0,0,0
381046,Male,28,1,18.0,1,< 1 Year,No,25666.0,152.0,259,0,0,0,0
381047,Female,21,1,36.0,1,< 1 Year,No,31611.0,160.0,78,0,0,0,0
381048,Female,52,1,8.0,1,1-2 Year,No,71915.0,7.0,233,0,0,0,0
381049,Male,22,1,36.0,1,< 1 Year,No,36720.0,152.0,26,0,0,0,0
381050,Female,26,1,33.0,1,< 1 Year,No,37091.0,152.0,151,0,0,0,0
381051,Female,27,1,46.0,1,< 1 Year,No,2630.0,160.0,44,0,0,0,0
381052,Female,24,1,8.0,1,< 1 Year,No,39478.0,152.0,210,0,0,0,0
381053,Male,54,1,28.0,0,1-2 Year,Yes,46342.0,26.0,158,0,1,1,1
381054,Female,25,1,1.0,1,< 1 Year,No,2630.0,152.0,148,0,0,0,0
381055,Male,51,1,48.0,0,1-2 Year,Yes,2630.0,15.0,189,0,1,1,1
381056,Female,47,1,28.0,1,1-2 Year,No,32905.0,124.0,114,0,0,0,0
381057,Female,72,1,28.0,0,1-2 Year,Yes,42612.0,26.0,213,0,1,1,1
381058,Male,40,1,46.0,0,1-2 Year,Yes,27508.0,26.0,189,1,1,1,1
381059,Female,46,1,28.0,1,1-2 Year,No,26053.0,60.0,96,0,0,0,0
381060,Male,37,1,8.0,0,1-2 Year,Yes,28370.0,124.0,254,0,1,1,1
381061,Male,57,1,33.0,1,1-2 Year,No,38915.0,124.0,30,0,0,0,0
381062,Female,41,1,28.0,0,1-2 Year,Yes,37377.0,124.0,99,1,1,1,1
381063,Male,27,1,36.0,0,< 1 Year,Yes,47902.0,152.0,76,0,1,1,1
381064,Male,23,1,21.0,1,< 1 Year,No,22954.0,152.0,128,0,0,0,0
381065,Female,29,1,36.0,1,< 1 Year,No,2630.0,152.0,177,0,0,0,0
381066,Female,64,1,28.0,0,> 2 Years,Yes,58713.0,163.0,108,0,1,1,1
381067,Male,22,1,28.0,1,< 1 Year,No,29647.0,152.0,244,0,0,0,0
381068,Female,23,1,25.0,0,< 1 Year,Yes,2630.0,152.0,127,0,1,1,1
381069,Female,49,1,28.0,0,1-2 Year,Yes,61705.0,157.0,39,0,1,1,1
381070,Male,24,1,8.0,1,< 1 Year,No,38254.0,152.0,127,0,0,0,0
381071,Female,28,1,11.0,0,< 1 Year,Yes,2630.0,124.0,106,0,1,1,1
381072,Male,53,1,8.0,0,1-2 Year,Yes,31732.0,124.0,185,0,1,1,1
381073,Male,49,1,47.0,0,1-2 Year,Yes,43707.0,124.0,75,0,1,1,1
381074,Female,46,1,28.0,0,1-2 Year,Yes,34741.0,124.0,167,1,1,1,1
381075,Female,36,1,3.0,1,1-2 Year,No,21113.0,152.0,248,0,0,0,0
381076,Female,61,1,28.0,0,1-2 Year,Yes,43875.0,26.0,139,1,1,1,1
381077,Female,28,1,15.0,0,1-2 Year,No,52978.0,26.0,124,0,1,1,1
381078,Female,45,1,2.0,1,1-2 Year,No,34003.0,152.0,288,0,0,0,0
381079,Female,58,1,28.0,0,1-2 Year,Yes,39740.0,26.0,170,0,1,1,1
381080,Male,33,1,28.0,0,< 1 Year,Yes,69845.0,26.0,115,0,1,1,1
381081,Female,23,1,28.0,0,< 1 Year,Yes,38452.0,152.0,61,0,1,1,1
381082,Female,75,1,28.0,1,1-2 Year,No,51619.0,26.0,80,0,0,0,0
381083,Female,74,1,50.0,1,1-2 Year,No,35594.0,8.0,47,0,0,0,0
381084,Female,35,1,35.0,1,1-2 Year,No,28892.0,152.0,199,0,0,0,0
381085,Male,22,1,15.0,0,< 1 Year,No,28218.0,152.0,238,0,1,1,1
381086,Male,39,1,28.0,0,1-2 Year,Yes,30374.0,163.0,212,0,1,1,1
381087,Female,34,1,35.0,0,1-2 Year,Yes,2630.0,152.0,208,0,1,1,1
381088,Male,24,1,14.0,1,< 1 Year,No,34683.0,152.0,34,0,0,0,0
381089,Female,20,1,22.0,0,< 1 Year,No,35055.0,160.0,183,0,1,1,1
381090,Female,24,1,10.0,0,< 1 Year,Yes,47526.0,151.0,136,0,1,1,1
381091,Male,47,1,35.0,1,1-2 Year,No,37589.0,124.0,144,0,0,0,0
381092,Male,71,1,28.0,1,1-2 Year,No,43369.0,26.0,43,0,0,0,0
381093,Male,38,1,28.0,1,1-2 Year,No,2630.0,124.0,130,0,0,0,0
381094,Female,22,1,28.0,1,< 1 Year,No,59216.0,152.0,279,0,0,0,0
381095,Female,47,1,20.0,0,1-2 Year,Yes,2630.0,26.0,84,0,1,1,1
381096,Male,52,1,28.0,0,1-2 Year,Yes,38323.0,124.0,69,0,1,1,1
381097,Female,49,1,10.0,0,1-2 Year,Yes,34541.0,26.0,44,0,1,1,1
381098,Female,38,1,28.0,0,1-2 Year,Yes,52742.0,26.0,165,1,1,1,1
381099,Female,68,1,33.0,0,> 2 Years,Yes,36326.0,26.0,196,0,1,1,1
381100,Female,51,1,28.0,0,1-2 Year,Yes,44504.0,26.0,71,0,1,1,1
381101,Female,29,1,28.0,0,< 1 Year,Yes,49007.0,124.0,137,0,1,1,1
381102,Female,70,1,28.0,0,> 2 Years,Yes,50904.0,122.0,215,0,1,1,1
381103,Female,25,1,41.0,1,< 1 Year,Yes,2630.0,152.0,102,0,0,0,0
381104,Male,47,1,50.0,0,1-2 Year,Yes,39831.0,26.0,235,0,1,1,1
381105,Male,74,1,26.0,1,1-2 Year,No,30170.0,26.0,88,0,0,0,0
381106,Male,30,1,37.0,1,< 1 Year,No,40016.0,152.0,131,0,0,0,0
381107,Male,21,1,30.0,1,< 1 Year,No,35118.0,160.0,161,0,0,0,0
381108,Female,68,1,14.0,0,> 2 Years,Yes,44617.0,124.0,74,0,1,1,1
381109,Male,46,1,29.0,0,1-2 Year,No,41777.0,26.0,237,0,1,1,1
